Trade_Date,Ticker,Closing_Price,Daily_Return_Pct,Volatility_Index,Trading_Volume,Market_Regime
2025-01-01,NEXUS_FIN,153.12,3.12,0.95,4225638,Low Volatility
2025-01-02,AERO_ENERGY,151.82,-1.3,0.38,1990071,Low Volatility
2025-01-03,ALPHA_TECH,151.38,-0.44,4.52,764039,High Volatility
2025-01-04,ALPHA_TECH,151.57,0.19,4.12,7045245,High Volatility
2025-01-05,GLOBAL_HEALTH,152.2,0.63,3.8,15008937,High Volatility
2025-01-06,AERO_ENERGY,156.04,3.84,0.27,4103647,Low Volatility
2025-01-07,GLOBAL_HEALTH,155.97,-0.07,1.4,5443684,Low Volatility
2025-01-08,AERO_ENERGY,154.77,-1.2,1.77,12952400,Low Volatility
2025-01-09,NEXUS_FIN,157.97,3.2,2.03,5100639,Normal
2025-01-10,AERO_ENERGY,161.11,3.14,1.79,2717684,Low Volatility
2025-01-11,GLOBAL_HEALTH,163.46,2.35,3.26,743821,Normal
2025-01-12,GLOBAL_HEALTH,159.55,-3.91,4.18,8491699,High Volatility
2025-01-13,ALPHA_TECH,159.85,0.3,2.95,6180507,Normal
2025-01-14,AERO_ENERGY,159.36,-0.49,5.31,9291342,High Volatility
2025-01-15,AERO_ENERGY,160.55,1.19,5.16,624305,High Volatility
2025-01-16,NEXUS_FIN,158.47,-2.08,0.92,23298867,Low Volatility
2025-01-17,ALPHA_TECH,160.62,2.15,3.83,2350362,High Volatility
2025-01-18,GLOBAL_HEALTH,161.61,0.99,2.51,10602947,Normal
2025-01-19,AERO_ENERGY,163.9,2.29,2.04,967790,Normal
2025-01-20,ALPHA_TECH,162.13,-1.77,0.48,2380362,Low Volatility
2025-01-21,NEXUS_FIN,162.89,0.76,1.39,2862736,Low Volatility
2025-01-22,ALPHA_TECH,164.96,2.07,1.28,1953458,Low Volatility
2025-01-23,AERO_ENERGY,158.69,-6.27,1.96,2290843,Normal
2025-01-24,AERO_ENERGY,160.46,1.77,1.69,16170664,Low Volatility
2025-01-25,NEXUS_FIN,159.66,-0.8,6.5,3371856,High Volatility
2025-01-26,NEXUS_FIN,159.7,0.04,1.83,24295614,Normal
2025-01-27,NEXUS_FIN,162.93,3.23,8.05,10293503,High Volatility
2025-01-28,GLOBAL_HEALTH,165.76,2.83,4.52,889900,High Volatility
2025-01-29,ALPHA_TECH,164.41,-1.35,0.95,3364529,Low Volatility
2025-01-30,ALPHA_TECH,160.29,-4.12,3.82,3248252,High Volatility
2025-01-31,ALPHA_TECH,160.2,-0.09,1.04,2074570,Low Volatility
2025-02-01,GLOBAL_HEALTH,162.96,2.76,2.97,11738928,Normal
2025-02-02,ALPHA_TECH,166.35,3.39,2.47,8816704,Normal
2025-02-03,NEXUS_FIN,161.22,-5.13,0.77,24847073,Low Volatility
2025-02-04,ALPHA_TECH,162.81,1.59,1.84,3065751,Normal
2025-02-05,GLOBAL_HEALTH,164.06,1.25,6.52,6282185,High Volatility
2025-02-06,GLOBAL_HEALTH,166.09,2.03,5.4,3337395,High Volatility
2025-02-07,ALPHA_TECH,166.22,0.13,1.56,3216997,Low Volatility
2025-02-08,GLOBAL_HEALTH,161.9,-4.32,1.54,8465655,Low Volatility
2025-02-09,GLOBAL_HEALTH,160.85,-1.05,4.43,25740327,High Volatility
2025-02-10,ALPHA_TECH,158.65,-2.2,0.68,9725983,Low Volatility
2025-02-11,GLOBAL_HEALTH,156.17,-2.48,2.34,8927897,Normal
2025-02-12,GLOBAL_HEALTH,158.23,2.06,2.1,4220667,Normal
2025-02-13,ALPHA_TECH,157.9,-0.33,0.92,8716377,Low Volatility
2025-02-14,NEXUS_FIN,158.98,1.08,6.61,11351939,High Volatility
2025-02-15,NEXUS_FIN,161.72,2.74,3.24,2225718,Normal
2025-02-16,GLOBAL_HEALTH,157.51,-4.21,3.24,4573710,Normal
2025-02-17,AERO_ENERGY,161.62,4.11,4.75,3413544,High Volatility
2025-02-18,AERO_ENERGY,166.19,4.57,2.99,2667326,Normal
2025-02-19,ALPHA_TECH,161.85,-4.34,2.2,9714616,Normal
2025-02-20,ALPHA_TECH,163.68,1.83,1.36,3664580,Low Volatility
2025-02-21,NEXUS_FIN,168.75,5.07,5.28,6464780,High Volatility
2025-02-22,AERO_ENERGY,165.36,-3.39,3.25,6508145,Normal
2025-02-23,ALPHA_TECH,162.53,-2.83,3.63,3565597,High Volatility
2025-02-24,AERO_ENERGY,164.66,2.13,1.38,1380931,Low Volatility
2025-02-25,AERO_ENERGY,165.91,1.25,5.46,3341925,High Volatility
2025-02-26,GLOBAL_HEALTH,166.56,0.65,2.84,6751022,Normal
2025-02-27,GLOBAL_HEALTH,166.03,-0.53,3.25,5635197,Normal
2025-02-28,AERO_ENERGY,166.52,0.49,1.99,928970,Normal
2025-03-01,NEXUS_FIN,160.33,-6.19,2.49,8466860,Normal
2025-03-02,ALPHA_TECH,157.43,-2.9,1.38,2841320,Low Volatility
2025-03-03,ALPHA_TECH,157.25,-0.18,3.04,6995160,Normal
2025-03-04,NEXUS_FIN,152.07,-5.18,4.75,8490967,High Volatility
2025-03-05,GLOBAL_HEALTH,151.82,-0.25,2.85,6444990,Normal
2025-03-06,GLOBAL_HEALTH,151.88,0.06,3.0,19941786,Normal
2025-03-07,NEXUS_FIN,150.14,-1.74,3.28,9841173,Normal
2025-03-08,NEXUS_FIN,148.54,-1.6,3.3,3078051,Normal
2025-03-09,GLOBAL_HEALTH,146.03,-2.51,4.56,3339713,High Volatility
2025-03-10,AERO_ENERGY,144.92,-1.11,1.62,4165570,Low Volatility
2025-03-11,GLOBAL_HEALTH,145.92,1.0,0.86,3339710,Low Volatility
2025-03-12,AERO_ENERGY,147.09,1.17,2.74,5945857,Normal
2025-03-13,ALPHA_TECH,149.75,2.66,3.76,1786031,High Volatility
2025-03-14,ALPHA_TECH,149.46,-0.29,5.27,13367859,High Volatility
2025-03-15,AERO_ENERGY,150.7,1.24,4.85,4573378,High Volatility
2025-03-16,AERO_ENERGY,147.17,-3.53,1.06,13060614,Low Volatility
2025-03-17,GLOBAL_HEALTH,147.79,0.62,3.75,1716364,High Volatility
2025-03-18,NEXUS_FIN,147.33,-0.46,1.27,1721273,Low Volatility
2025-03-19,AERO_ENERGY,148.68,1.35,3.03,10491410,Normal
2025-03-20,ALPHA_TECH,148.07,-0.61,1.03,2635858,Low Volatility
2025-03-21,GLOBAL_HEALTH,147.23,-0.84,5.24,1992930,High Volatility
2025-03-22,ALPHA_TECH,145.27,-1.96,5.19,11227106,High Volatility
2025-03-23,GLOBAL_HEALTH,147.89,2.62,3.69,2310316,High Volatility
2025-03-24,NEXUS_FIN,146.46,-1.43,1.66,4358225,Low Volatility
2025-03-25,NEXUS_FIN,151.22,4.76,4.65,2868781,High Volatility
2025-03-26,ALPHA_TECH,148.04,-3.18,3.0,8111110,Normal
2025-03-27,AERO_ENERGY,151.07,3.03,2.68,5303542,Normal
2025-03-28,AERO_ENERGY,145.73,-5.34,1.32,9171439,Low Volatility
2025-03-29,ALPHA_TECH,145.41,-0.32,4.69,1695453,High Volatility
2025-03-30,AERO_ENERGY,144.04,-1.37,6.36,5365202,High Volatility
2025-03-31,AERO_ENERGY,145.24,1.2,4.6,4760303,High Volatility
2025-04-01,ALPHA_TECH,147.38,2.14,3.54,2430050,High Volatility
2025-04-02,ALPHA_TECH,152.32,4.94,1.93,1931905,Normal
2025-04-03,NEXUS_FIN,151.09,-1.23,2.54,4126109,Normal
2025-04-04,ALPHA_TECH,149.35,-1.74,1.4,3505361,Low Volatility
2025-04-05,NEXUS_FIN,151.66,2.31,4.56,11370139,High Volatility
2025-04-06,NEXUS_FIN,151.42,-0.24,3.71,8565136,High Volatility
2025-04-07,GLOBAL_HEALTH,149.93,-1.49,1.12,2555178,Low Volatility
2025-04-08,AERO_ENERGY,148.92,-1.01,3.23,3602087,Normal
2025-04-09,ALPHA_TECH,147.24,-1.68,2.61,6852890,Normal
2025-04-10,AERO_ENERGY,143.17,-4.07,2.63,7483053,Normal
2025-04-11,GLOBAL_HEALTH,147.18,4.01,0.51,11449754,Low Volatility
2025-04-12,ALPHA_TECH,148.5,1.32,3.05,4203868,Normal
2025-04-13,ALPHA_TECH,144.57,-3.93,2.55,5025035,Normal
2025-04-14,GLOBAL_HEALTH,148.42,3.85,2.3,1065009,Normal
2025-04-15,AERO_ENERGY,148.96,0.54,0.86,1820144,Low Volatility
2025-04-16,NEXUS_FIN,148.53,-0.43,4.67,9170362,High Volatility
2025-04-17,GLOBAL_HEALTH,149.95,1.42,2.74,1847051,Normal
2025-04-18,GLOBAL_HEALTH,148.96,-0.99,1.09,1157879,Low Volatility
2025-04-19,ALPHA_TECH,145.77,-3.19,3.24,8183063,Normal
2025-04-20,NEXUS_FIN,144.52,-1.25,1.36,3226230,Low Volatility
2025-04-21,GLOBAL_HEALTH,144.44,-0.08,1.19,2342373,Low Volatility
2025-04-22,AERO_ENERGY,142.29,-2.15,1.75,1355109,Low Volatility
2025-04-23,GLOBAL_HEALTH,143.66,1.37,2.47,1362894,Normal
2025-04-24,AERO_ENERGY,146.96,3.3,1.74,3095047,Low Volatility
2025-04-25,ALPHA_TECH,146.15,-0.81,6.04,3951394,High Volatility
2025-04-26,GLOBAL_HEALTH,140.53,-5.62,6.1,11966576,High Volatility
2025-04-27,AERO_ENERGY,140.21,-0.32,8.56,3977393,High Volatility
2025-04-28,ALPHA_TECH,138.18,-2.03,1.04,3422721,Low Volatility
2025-04-29,ALPHA_TECH,137.74,-0.44,1.37,3509854,Low Volatility
2025-04-30,ALPHA_TECH,137.27,-0.47,1.43,729774,Low Volatility
2025-05-01,GLOBAL_HEALTH,135.22,-2.05,3.44,2989326,Normal
2025-05-02,ALPHA_TECH,131.9,-3.32,0.84,7350496,Low Volatility
2025-05-03,ALPHA_TECH,132.03,0.13,4.08,4742973,High Volatility
2025-05-04,AERO_ENERGY,130.21,-1.82,2.61,8229228,Normal
2025-05-05,ALPHA_TECH,134.67,4.46,4.5,10513263,High Volatility
2025-05-06,GLOBAL_HEALTH,135.39,0.72,2.88,1186413,Normal
2025-05-07,NEXUS_FIN,133.66,-1.73,2.04,2629424,Normal
2025-05-08,ALPHA_TECH,132.57,-1.09,4.9,9878161,High Volatility
2025-05-09,GLOBAL_HEALTH,132.29,-0.28,5.85,4811378,High Volatility
2025-05-10,ALPHA_TECH,132.63,0.34,1.77,3925461,Low Volatility
2025-05-11,GLOBAL_HEALTH,134.27,1.64,3.8,10114771,High Volatility
2025-05-12,ALPHA_TECH,137.23,2.96,2.78,2348347,Normal
2025-05-13,AERO_ENERGY,137.15,-0.08,4.29,2464163,High Volatility
2025-05-14,NEXUS_FIN,138.39,1.24,2.81,2338108,Normal
2025-05-15,NEXUS_FIN,139.56,1.17,3.51,1527238,High Volatility
2025-05-16,GLOBAL_HEALTH,139.91,0.35,2.09,3705219,Normal
2025-05-17,GLOBAL_HEALTH,139.49,-0.42,2.44,5110940,Normal
2025-05-18,NEXUS_FIN,139.94,0.45,8.98,1919072,High Volatility
2025-05-19,AERO_ENERGY,138.41,-1.53,2.71,4060635,Normal
2025-05-20,AERO_ENERGY,135.67,-2.74,0.7,2742167,Low Volatility
2025-05-21,ALPHA_TECH,139.38,3.71,0.87,4160574,Low Volatility
2025-05-22,AERO_ENERGY,140.02,0.64,1.58,14050103,Low Volatility
2025-05-23,NEXUS_FIN,140.8,0.78,0.72,4739538,Low Volatility
2025-05-24,NEXUS_FIN,140.36,-0.44,1.94,4815629,Normal
2025-05-25,AERO_ENERGY,141.71,1.35,2.65,22587835,Normal
2025-05-26,AERO_ENERGY,141.36,-0.35,2.61,2948145,Normal
2025-05-27,NEXUS_FIN,137.67,-3.69,4.86,7223140,High Volatility
2025-05-28,NEXUS_FIN,136.43,-1.24,2.94,2892453,Normal
2025-05-29,NEXUS_FIN,138.02,1.59,0.24,8295195,Low Volatility
2025-05-30,NEXUS_FIN,136.64,-1.38,3.43,2145230,Normal
2025-05-31,NEXUS_FIN,132.16,-4.48,9.02,3384459,High Volatility
2025-06-01,AERO_ENERGY,131.53,-0.63,2.77,2824016,Normal
2025-06-02,AERO_ENERGY,127.3,-4.23,4.57,1919800,High Volatility
2025-06-03,ALPHA_TECH,126.63,-0.67,1.81,807356,Normal
2025-06-04,ALPHA_TECH,129.69,3.06,3.49,6129005,Normal
2025-06-05,GLOBAL_HEALTH,126.61,-3.08,4.72,2658068,High Volatility
2025-06-06,ALPHA_TECH,128.33,1.72,0.14,3560040,Low Volatility
2025-06-07,AERO_ENERGY,132.72,4.39,2.39,3988713,Normal
2025-06-08,ALPHA_TECH,136.0,3.28,6.87,1369410,High Volatility
2025-06-09,ALPHA_TECH,135.53,-0.47,3.95,3230584,High Volatility
2025-06-10,AERO_ENERGY,133.34,-2.19,4.78,1059433,High Volatility
2025-06-11,NEXUS_FIN,133.88,0.54,3.74,3063006,High Volatility
2025-06-12,AERO_ENERGY,134.45,0.57,3.65,14667484,High Volatility
2025-06-13,AERO_ENERGY,136.85,2.4,1.32,2876989,Low Volatility
2025-06-14,GLOBAL_HEALTH,137.08,0.23,6.06,1766564,High Volatility
2025-06-15,GLOBAL_HEALTH,138.19,1.11,5.94,2989016,High Volatility
2025-06-16,GLOBAL_HEALTH,136.02,-2.17,2.11,15514699,Normal
2025-06-17,NEXUS_FIN,137.97,1.95,4.84,3088631,High Volatility
2025-06-18,ALPHA_TECH,134.88,-3.09,1.63,1280396,Low Volatility
2025-06-19,GLOBAL_HEALTH,133.41,-1.47,4.33,1026909,High Volatility
2025-06-20,AERO_ENERGY,135.01,1.6,2.9,3199253,Normal
2025-06-21,GLOBAL_HEALTH,138.34,3.33,0.61,8479357,Low Volatility
2025-06-22,AERO_ENERGY,140.15,1.81,1.87,6295863,Normal
2025-06-23,NEXUS_FIN,140.17,0.02,1.04,10647519,Low Volatility
2025-06-24,GLOBAL_HEALTH,140.21,0.04,3.97,7310925,High Volatility
2025-06-25,AERO_ENERGY,138.04,-2.17,5.49,4464033,High Volatility
2025-06-26,ALPHA_TECH,137.22,-0.82,0.98,535034,Low Volatility
2025-06-27,NEXUS_FIN,132.53,-4.69,2.68,13395965,Normal
2025-06-28,AERO_ENERGY,136.78,4.25,2.59,1379399,Normal
2025-06-29,ALPHA_TECH,142.42,5.64,0.6,28094096,Low Volatility
2025-06-30,ALPHA_TECH,137.66,-4.76,1.82,2395544,Normal
2025-07-01,AERO_ENERGY,134.17,-3.49,4.69,2476243,High Volatility
2025-07-02,GLOBAL_HEALTH,137.68,3.51,1.04,2888735,Low Volatility
2025-07-03,ALPHA_TECH,135.82,-1.86,5.01,4472916,High Volatility
2025-07-04,NEXUS_FIN,139.38,3.56,4.33,1477640,High Volatility
2025-07-05,ALPHA_TECH,141.36,1.98,3.07,2179763,Normal
2025-07-06,GLOBAL_HEALTH,140.66,-0.7,0.78,9343401,Low Volatility
2025-07-07,NEXUS_FIN,143.12,2.46,1.75,12934571,Low Volatility
2025-07-08,NEXUS_FIN,143.13,0.01,5.11,1827402,High Volatility
2025-07-09,NEXUS_FIN,143.09,-0.04,1.06,5777128,Low Volatility
2025-07-10,AERO_ENERGY,144.51,1.42,0.83,2910537,Low Volatility
2025-07-11,ALPHA_TECH,146.59,2.08,4.37,6611188,High Volatility
2025-07-12,GLOBAL_HEALTH,149.2,2.61,0.96,2157864,Low Volatility
2025-07-13,AERO_ENERGY,155.19,5.99,1.23,7940481,Low Volatility
2025-07-14,AERO_ENERGY,156.2,1.01,4.27,3976721,High Volatility
2025-07-15,NEXUS_FIN,159.53,3.33,1.09,2983921,Low Volatility
2025-07-16,AERO_ENERGY,162.79,3.26,1.37,4294078,Low Volatility
2025-07-17,ALPHA_TECH,164.6,1.81,4.86,14049661,High Volatility
2025-07-18,AERO_ENERGY,163.38,-1.22,1.2,4102031,Low Volatility
2025-07-19,AERO_ENERGY,166.22,2.84,1.46,5557010,Low Volatility
2025-07-20,NEXUS_FIN,167.43,1.21,6.4,4753995,High Volatility
2025-07-21,NEXUS_FIN,164.31,-3.12,5.12,4770462,High Volatility
2025-07-22,AERO_ENERGY,166.94,2.63,1.38,11722100,Low Volatility
2025-07-23,NEXUS_FIN,162.97,-3.97,1.24,8610153,Low Volatility
2025-07-24,GLOBAL_HEALTH,164.69,1.72,2.1,1490321,Normal
2025-07-25,GLOBAL_HEALTH,163.41,-1.28,3.13,6861985,Normal
2025-07-26,GLOBAL_HEALTH,163.92,0.51,3.84,16068019,High Volatility
2025-07-27,AERO_ENERGY,160.53,-3.39,2.63,3672452,Normal
2025-07-28,ALPHA_TECH,158.82,-1.71,2.0,8765599,Normal
2025-07-29,ALPHA_TECH,157.61,-1.21,5.06,484306,High Volatility
2025-07-30,NEXUS_FIN,157.33,-0.28,2.66,2042483,Normal
2025-07-31,ALPHA_TECH,155.94,-1.39,2.92,30054507,Normal
2025-08-01,ALPHA_TECH,156.91,0.97,1.67,8147268,Low Volatility
2025-08-02,AERO_ENERGY,158.2,1.29,5.9,5268094,High Volatility
2025-08-03,NEXUS_FIN,157.18,-1.02,2.09,19289822,Normal
2025-08-04,ALPHA_TECH,157.38,0.2,1.38,1819361,Low Volatility
2025-08-05,GLOBAL_HEALTH,158.81,1.43,1.09,12212277,Low Volatility
2025-08-06,NEXUS_FIN,153.3,-5.51,1.23,2227934,Low Volatility
2025-08-07,NEXUS_FIN,154.51,1.21,3.0,4772121,Normal
2025-08-08,NEXUS_FIN,153.01,-1.5,3.5,1205860,Normal
2025-08-09,GLOBAL_HEALTH,146.45,-6.56,6.59,3254968,High Volatility
2025-08-10,ALPHA_TECH,145.57,-0.88,2.97,12755949,Normal
2025-08-11,GLOBAL_HEALTH,143.15,-2.42,1.71,2940562,Low Volatility
2025-08-12,NEXUS_FIN,142.08,-1.07,7.53,6563574,High Volatility
2025-08-13,NEXUS_FIN,143.35,1.27,5.8,2997190,High Volatility
2025-08-14,AERO_ENERGY,145.58,2.23,1.37,6243888,Low Volatility
2025-08-15,AERO_ENERGY,148.9,3.32,0.81,8027797,Low Volatility
2025-08-16,AERO_ENERGY,152.38,3.48,1.94,2571800,Normal
2025-08-17,AERO_ENERGY,149.89,-2.49,0.34,2213911,Low Volatility
2025-08-18,NEXUS_FIN,153.01,3.12,0.87,3206859,Low Volatility
2025-08-19,GLOBAL_HEALTH,150.05,-2.96,5.41,3151397,High Volatility
2025-08-20,AERO_ENERGY,152.8,2.75,3.38,876218,Normal
2025-08-21,GLOBAL_HEALTH,154.33,1.53,2.48,5783569,Normal
2025-08-22,AERO_ENERGY,154.86,0.53,3.0,6003739,Normal
2025-08-23,ALPHA_TECH,152.74,-2.12,1.38,1050990,Low Volatility
2025-08-24,AERO_ENERGY,155.83,3.09,3.39,8655913,Normal
2025-08-25,GLOBAL_HEALTH,153.41,-2.42,7.51,3213164,High Volatility
2025-08-26,AERO_ENERGY,153.45,0.04,3.78,5752871,High Volatility
2025-08-27,ALPHA_TECH,153.72,0.27,0.91,3627395,Low Volatility
2025-08-28,GLOBAL_HEALTH,149.58,-4.14,2.15,5742625,Normal
2025-08-29,GLOBAL_HEALTH,150.05,0.47,4.54,4858888,High Volatility
2025-08-30,GLOBAL_HEALTH,147.41,-2.64,1.44,8929565,Low Volatility
2025-08-31,NEXUS_FIN,151.11,3.7,2.53,4430879,Normal
2025-09-01,GLOBAL_HEALTH,157.97,6.86,1.55,8087081,Low Volatility
2025-09-02,NEXUS_FIN,156.24,-1.73,5.72,13830866,High Volatility
2025-09-03,ALPHA_TECH,155.36,-0.88,3.34,4143180,Normal
2025-09-04,GLOBAL_HEALTH,155.88,0.52,1.91,3583517,Normal
2025-09-05,GLOBAL_HEALTH,150.83,-5.05,3.24,6939076,Normal
2025-09-06,GLOBAL_HEALTH,155.04,4.21,2.97,850880,Normal
2025-09-07,ALPHA_TECH,154.34,-0.7,0.24,2198536,Low Volatility
2025-09-08,NEXUS_FIN,153.44,-0.9,1.53,2137801,Low Volatility
2025-09-09,AERO_ENERGY,155.26,1.82,4.45,6881267,High Volatility
2025-09-10,ALPHA_TECH,155.57,0.31,3.68,4988640,High Volatility
2025-09-11,ALPHA_TECH,156.08,0.51,2.0,12201595,Normal
2025-09-12,ALPHA_TECH,158.29,2.21,3.7,11630029,High Volatility
2025-09-13,NEXUS_FIN,158.08,-0.21,5.78,921447,High Volatility
2025-09-14,NEXUS_FIN,155.37,-2.71,2.11,1147768,Normal
2025-09-15,NEXUS_FIN,158.53,3.16,2.12,4563060,Normal
2025-09-16,NEXUS_FIN,157.17,-1.36,3.59,1283413,High Volatility
2025-09-17,NEXUS_FIN,155.94,-1.23,3.13,913275,Normal
2025-09-18,GLOBAL_HEALTH,156.62,0.68,6.79,2451536,High Volatility
2025-09-19,AERO_ENERGY,153.45,-3.17,5.66,834475,High Volatility
2025-09-20,AERO_ENERGY,154.15,0.7,1.18,1944388,Low Volatility
2025-09-21,NEXUS_FIN,156.62,2.47,2.71,7816166,Normal
2025-09-22,NEXUS_FIN,160.67,4.05,1.13,2998948,Low Volatility
2025-09-23,GLOBAL_HEALTH,162.62,1.95,1.99,14661977,Normal
2025-09-24,NEXUS_FIN,165.4,2.78,4.52,2808211,High Volatility
2025-09-25,GLOBAL_HEALTH,163.9,-1.5,1.1,6886503,Low Volatility
2025-09-26,GLOBAL_HEALTH,166.06,2.16,7.06,2896548,High Volatility
2025-09-27,ALPHA_TECH,165.68,-0.38,4.82,3721825,High Volatility
2025-09-28,ALPHA_TECH,168.68,3.0,2.39,3232511,Normal
2025-09-29,NEXUS_FIN,169.04,0.36,1.5,6903345,Low Volatility
2025-09-30,GLOBAL_HEALTH,171.83,2.79,5.32,7898301,High Volatility
2025-10-01,NEXUS_FIN,172.33,0.5,2.03,23017742,Normal
2025-10-02,ALPHA_TECH,170.51,-1.82,2.63,4477093,Normal
2025-10-03,ALPHA_TECH,170.71,0.2,2.82,6857552,Normal
2025-10-04,ALPHA_TECH,169.98,-0.73,2.35,1945752,Normal
2025-10-05,ALPHA_TECH,173.32,3.34,2.34,7669237,Normal
2025-10-06,ALPHA_TECH,170.03,-3.29,3.02,4514350,Normal
2025-10-07,NEXUS_FIN,165.94,-4.09,2.08,525847,Normal
2025-10-08,NEXUS_FIN,166.77,0.83,1.12,2207912,Low Volatility
2025-10-09,ALPHA_TECH,166.06,-0.71,1.44,842087,Low Volatility
2025-10-10,NEXUS_FIN,163.3,-2.76,6.81,2450678,High Volatility
2025-10-11,ALPHA_TECH,163.31,0.01,1.83,5653870,Normal
2025-10-12,ALPHA_TECH,164.08,0.77,1.8,3483626,Normal
2025-10-13,ALPHA_TECH,167.25,3.17,5.87,7242246,High Volatility
2025-10-14,NEXUS_FIN,162.72,-4.53,0.9,676444,Low Volatility
2025-10-15,NEXUS_FIN,163.28,0.56,4.6,9523123,High Volatility
2025-10-16,GLOBAL_HEALTH,167.48,4.2,1.52,5384585,Low Volatility
2025-10-17,NEXUS_FIN,171.56,4.08,1.05,1608142,Low Volatility
2025-10-18,NEXUS_FIN,171.89,0.33,6.25,4336751,High Volatility
2025-10-19,AERO_ENERGY,170.51,-1.38,2.92,25531048,Normal
2025-10-20,ALPHA_TECH,169.94,-0.57,1.24,14285689,Low Volatility
2025-10-21,ALPHA_TECH,167.58,-2.36,7.46,16930676,High Volatility
2025-10-22,NEXUS_FIN,166.58,-1.0,1.09,3731294,Low Volatility
2025-10-23,NEXUS_FIN,166.88,0.3,2.97,10981891,Normal
2025-10-24,GLOBAL_HEALTH,168.16,1.28,1.26,12619653,Low Volatility
2025-10-25,AERO_ENERGY,170.39,2.23,4.41,1919306,High Volatility
2025-10-26,ALPHA_TECH,170.21,-0.18,4.17,12423662,High Volatility
2025-10-27,ALPHA_TECH,169.85,-0.36,2.75,10364671,Normal
2025-10-28,NEXUS_FIN,172.14,2.29,4.77,2582607,High Volatility
2025-10-29,NEXUS_FIN,171.38,-0.76,0.77,4767629,Low Volatility
2025-10-30,AERO_ENERGY,173.23,1.85,3.18,13113344,Normal
2025-10-31,ALPHA_TECH,169.2,-4.03,3.78,4223658,High Volatility
2025-11-01,AERO_ENERGY,170.47,1.27,1.14,8969226,Low Volatility
2025-11-02,ALPHA_TECH,175.85,5.38,3.47,3034127,Normal
2025-11-03,NEXUS_FIN,173.63,-2.22,2.79,1842476,Normal
2025-11-04,AERO_ENERGY,177.31,3.68,5.28,1695217,High Volatility
2025-11-05,GLOBAL_HEALTH,179.14,1.83,3.02,3532709,Normal
2025-11-06,NEXUS_FIN,181.43,2.29,2.55,6282212,Normal
2025-11-07,GLOBAL_HEALTH,183.2,1.77,1.15,1084686,Low Volatility
2025-11-08,GLOBAL_HEALTH,181.71,-1.49,3.04,20657333,Normal
2025-11-09,GLOBAL_HEALTH,178.55,-3.16,4.29,10394697,High Volatility
2025-11-10,ALPHA_TECH,179.84,1.29,7.21,6673310,High Volatility
2025-11-11,GLOBAL_HEALTH,179.63,-0.21,3.02,8496905,Normal
2025-11-12,ALPHA_TECH,176.25,-3.38,5.91,2635116,High Volatility
2025-11-13,AERO_ENERGY,175.22,-1.03,2.65,1358510,Normal
2025-11-14,NEXUS_FIN,172.69,-2.53,0.99,6140766,Low Volatility
2025-11-15,ALPHA_TECH,177.58,4.89,11.93,10200080,High Volatility
2025-11-16,ALPHA_TECH,179.78,2.2,3.93,2980336,High Volatility
2025-11-17,AERO_ENERGY,177.44,-2.34,0.83,2078681,Low Volatility
2025-11-18,AERO_ENERGY,178.79,1.35,4.45,2867601,High Volatility
2025-11-19,NEXUS_FIN,175.99,-2.8,1.95,6501232,Normal
2025-11-20,AERO_ENERGY,171.55,-4.44,1.83,7160859,Normal
2025-11-21,ALPHA_TECH,169.9,-1.65,5.96,18823082,High Volatility
2025-11-22,NEXUS_FIN,169.62,-0.28,1.39,6322718,Low Volatility
2025-11-23,NEXUS_FIN,170.68,1.06,0.64,2271924,Low Volatility
2025-11-24,NEXUS_FIN,172.95,2.27,1.44,3487439,Low Volatility
2025-11-25,GLOBAL_HEALTH,172.16,-0.79,4.11,1914209,High Volatility
2025-11-26,GLOBAL_HEALTH,173.94,1.78,3.43,10724819,Normal
2025-11-27,ALPHA_TECH,170.05,-3.89,3.94,1812892,High Volatility
2025-11-28,GLOBAL_HEALTH,173.82,3.77,5.08,2814143,High Volatility
2025-11-29,AERO_ENERGY,170.01,-3.81,3.19,6502698,Normal
2025-11-30,NEXUS_FIN,168.88,-1.13,1.23,15852240,Low Volatility
2025-12-01,ALPHA_TECH,167.22,-1.66,1.81,43468071,Normal
2025-12-02,AERO_ENERGY,163.73,-3.49,5.2,1514032,High Volatility
2025-12-03,NEXUS_FIN,164.66,0.93,0.15,7368058,Low Volatility
2025-12-04,AERO_ENERGY,169.03,4.37,4.06,4343444,High Volatility
2025-12-05,GLOBAL_HEALTH,164.6,-4.43,1.41,3624213,Low Volatility
2025-12-06,AERO_ENERGY,158.97,-5.63,7.04,3528145,High Volatility
2025-12-07,GLOBAL_HEALTH,156.88,-2.09,0.84,1647631,Low Volatility
2025-12-08,AERO_ENERGY,156.39,-0.49,2.07,16785471,Normal
2025-12-09,ALPHA_TECH,158.41,2.02,5.82,837213,High Volatility
2025-12-10,GLOBAL_HEALTH,157.31,-1.1,4.48,3931363,High Volatility
2025-12-11,GLOBAL_HEALTH,152.8,-4.51,1.63,14657818,Low Volatility
2025-12-12,NEXUS_FIN,156.11,3.31,2.34,5305492,Normal
2025-12-13,GLOBAL_HEALTH,153.92,-2.19,6.83,2587883,High Volatility
2025-12-14,NEXUS_FIN,155.6,1.68,1.36,2673210,Low Volatility
2025-12-15,GLOBAL_HEALTH,152.85,-2.75,4.52,8939881,High Volatility
2025-12-16,GLOBAL_HEALTH,152.49,-0.36,1.07,3464127,Low Volatility
2025-12-17,GLOBAL_HEALTH,153.48,0.99,1.85,4312169,Normal
2025-12-18,GLOBAL_HEALTH,151.44,-2.04,2.98,7277859,Normal
2025-12-19,NEXUS_FIN,152.6,1.16,2.62,9311300,Normal
2025-12-20,ALPHA_TECH,151.8,-0.8,3.55,2830904,High Volatility
2025-12-21,AERO_ENERGY,150.76,-1.04,2.13,1483728,Normal
2025-12-22,GLOBAL_HEALTH,154.63,3.87,2.25,1983343,Normal
2025-12-23,GLOBAL_HEALTH,155.62,0.99,2.59,13354707,Normal
2025-12-24,ALPHA_TECH,156.94,1.32,2.35,4673257,Normal
2025-12-25,NEXUS_FIN,158.88,1.94,6.72,1628605,High Volatility
2025-12-26,AERO_ENERGY,160.42,1.54,1.96,2096744,Normal
2025-12-27,ALPHA_TECH,161.41,0.99,2.61,11231060,Normal
2025-12-28,ALPHA_TECH,164.61,3.2,9.98,4742339,High Volatility
2025-12-29,ALPHA_TECH,162.37,-2.24,3.48,1158677,Normal
2025-12-30,ALPHA_TECH,162.84,0.47,0.46,1831908,Low Volatility
2025-12-31,GLOBAL_HEALTH,162.17,-0.67,2.79,11126929,Normal
2026-01-01,AERO_ENERGY,162.62,0.45,4.29,2808947,High Volatility
2026-01-02,GLOBAL_HEALTH,160.97,-1.65,3.43,23639351,Normal
2026-01-03,ALPHA_TECH,157.01,-3.96,4.49,20479783,High Volatility
2026-01-04,AERO_ENERGY,159.11,2.1,7.56,14566431,High Volatility
2026-01-05,ALPHA_TECH,165.24,6.13,2.91,6590533,Normal
2026-01-06,NEXUS_FIN,168.03,2.79,1.24,10109839,Low Volatility
2026-01-07,ALPHA_TECH,170.3,2.27,1.41,4230956,Low Volatility
2026-01-08,ALPHA_TECH,171.04,0.74,2.31,4319675,Normal
2026-01-09,NEXUS_FIN,170.75,-0.29,7.46,1693842,High Volatility
2026-01-10,GLOBAL_HEALTH,170.61,-0.14,1.77,4269083,Low Volatility
2026-01-11,AERO_ENERGY,170.44,-0.17,2.93,1603565,Normal
2026-01-12,ALPHA_TECH,168.92,-1.52,4.64,4446305,High Volatility
2026-01-13,ALPHA_TECH,164.88,-4.04,1.14,1679049,Low Volatility
2026-01-14,NEXUS_FIN,165.48,0.6,7.8,2208357,High Volatility
2026-01-15,AERO_ENERGY,164.88,-0.6,4.91,573016,High Volatility
2026-01-16,NEXUS_FIN,167.83,2.95,6.1,2365389,High Volatility
2026-01-17,ALPHA_TECH,169.78,1.95,1.41,2487555,Low Volatility
2026-01-18,GLOBAL_HEALTH,164.8,-4.98,2.77,3455221,Normal
2026-01-19,GLOBAL_HEALTH,169.18,4.38,4.03,11468287,High Volatility
2026-01-20,AERO_ENERGY,167.99,-1.19,2.26,4241350,Normal
2026-01-21,ALPHA_TECH,167.19,-0.8,0.51,9295700,Low Volatility
2026-01-22,NEXUS_FIN,163.1,-4.09,3.74,9602559,High Volatility
2026-01-23,ALPHA_TECH,163.87,0.77,1.23,13669041,Low Volatility
2026-01-24,NEXUS_FIN,165.0,1.13,3.73,2143204,High Volatility
2026-01-25,NEXUS_FIN,169.38,4.38,1.44,1718638,Low Volatility
2026-01-26,AERO_ENERGY,171.61,2.23,3.08,4030468,Normal
2026-01-27,NEXUS_FIN,170.45,-1.16,2.94,1921684,Normal
2026-01-28,AERO_ENERGY,166.12,-4.33,1.0,3681336,Low Volatility
2026-01-29,GLOBAL_HEALTH,164.78,-1.34,1.04,2069796,Low Volatility
2026-01-30,AERO_ENERGY,167.49,2.71,8.61,1668235,High Volatility
2026-01-31,AERO_ENERGY,166.6,-0.89,2.36,5879070,Normal
2026-02-01,AERO_ENERGY,163.97,-2.63,1.37,19671427,Low Volatility
2026-02-02,GLOBAL_HEALTH,164.49,0.52,4.44,3621462,High Volatility
2026-02-03,AERO_ENERGY,163.75,-0.74,1.73,5522769,Low Volatility
2026-02-04,NEXUS_FIN,162.71,-1.04,3.24,4660215,Normal
2026-02-05,NEXUS_FIN,160.94,-1.77,3.43,4303760,Normal
2026-02-06,AERO_ENERGY,161.31,0.37,3.94,13877129,High Volatility
2026-02-07,NEXUS_FIN,163.97,2.66,1.13,3545854,Low Volatility
2026-02-08,AERO_ENERGY,165.36,1.39,6.12,331556,High Volatility
2026-02-09,GLOBAL_HEALTH,160.64,-4.72,2.33,2192873,Normal
2026-02-10,NEXUS_FIN,164.62,3.98,2.93,4818445,Normal
2026-02-11,AERO_ENERGY,166.6,1.98,2.08,4061414,Normal
2026-02-12,ALPHA_TECH,167.46,0.86,3.82,3681845,High Volatility
2026-02-13,GLOBAL_HEALTH,168.62,1.16,4.94,2941553,High Volatility
2026-02-14,ALPHA_TECH,170.18,1.56,1.21,4739163,Low Volatility
2026-02-15,AERO_ENERGY,171.25,1.07,3.45,22900989,Normal
2026-02-16,NEXUS_FIN,168.95,-2.3,2.12,3407701,Normal
2026-02-17,AERO_ENERGY,170.32,1.37,3.61,24972827,High Volatility
2026-02-18,NEXUS_FIN,170.83,0.51,3.0,6452224,Normal
2026-02-19,AERO_ENERGY,171.97,1.14,4.28,2587823,High Volatility
2026-02-20,AERO_ENERGY,170.48,-1.49,3.32,8851725,Normal
2026-02-21,NEXUS_FIN,173.31,2.83,0.78,630889,Low Volatility
2026-02-22,NEXUS_FIN,172.01,-1.3,5.25,4370380,High Volatility
2026-02-23,AERO_ENERGY,171.99,-0.02,2.1,6698569,Normal
2026-02-24,ALPHA_TECH,170.82,-1.17,4.19,6766189,High Volatility
2026-02-25,GLOBAL_HEALTH,168.43,-2.39,1.51,7364870,Low Volatility
2026-02-26,ALPHA_TECH,170.32,1.89,0.87,7900016,Low Volatility
2026-02-27,ALPHA_TECH,169.17,-1.15,4.84,5611839,High Volatility
2026-02-28,ALPHA_TECH,169.64,0.47,2.88,7888344,Normal
2026-03-01,ALPHA_TECH,166.27,-3.37,2.05,2827074,Normal
2026-03-02,NEXUS_FIN,161.83,-4.44,1.73,11338019,Low Volatility
2026-03-03,ALPHA_TECH,166.26,4.43,4.58,3061862,High Volatility
2026-03-04,GLOBAL_HEALTH,170.33,4.07,5.82,11163373,High Volatility
2026-03-05,NEXUS_FIN,168.92,-1.41,7.24,4353599,High Volatility
2026-03-06,ALPHA_TECH,170.16,1.24,0.91,5267705,Low Volatility
2026-03-07,NEXUS_FIN,169.15,-1.01,1.94,8960127,Normal
2026-03-08,ALPHA_TECH,170.92,1.77,4.44,14765419,High Volatility
2026-03-09,ALPHA_TECH,168.32,-2.6,1.33,4570046,Low Volatility
2026-03-10,GLOBAL_HEALTH,165.48,-2.84,3.84,5259209,High Volatility
2026-03-11,NEXUS_FIN,165.63,0.15,9.41,560315,High Volatility
2026-03-12,NEXUS_FIN,166.69,1.06,1.42,2206961,Low Volatility
2026-03-13,AERO_ENERGY,165.04,-1.65,3.21,1320813,Normal
2026-03-14,ALPHA_TECH,161.88,-3.16,0.29,3198836,Low Volatility
2026-03-15,ALPHA_TECH,165.13,3.25,2.24,2592886,Normal
2026-03-16,GLOBAL_HEALTH,164.07,-1.06,3.16,2348998,Normal
2026-03-17,GLOBAL_HEALTH,163.03,-1.04,3.28,1935345,Normal
2026-03-18,NEXUS_FIN,166.21,3.18,3.25,6735312,Normal
2026-03-19,GLOBAL_HEALTH,171.91,5.7,1.12,1056390,Low Volatility
2026-03-20,NEXUS_FIN,172.83,0.92,2.18,1848293,Normal
2026-03-21,ALPHA_TECH,175.13,2.3,2.12,4543043,Normal
2026-03-22,ALPHA_TECH,172.38,-2.75,3.65,9610238,High Volatility
2026-03-23,NEXUS_FIN,174.31,1.93,6.6,2102097,High Volatility
2026-03-24,GLOBAL_HEALTH,176.55,2.24,0.16,10250955,Low Volatility
2026-03-25,GLOBAL_HEALTH,174.26,-2.29,2.6,497381,Normal
2026-03-26,NEXUS_FIN,173.02,-1.24,4.37,4431688,High Volatility
2026-03-27,ALPHA_TECH,176.18,3.16,5.82,5651647,High Volatility
2026-03-28,NEXUS_FIN,175.59,-0.59,3.38,2006575,Normal
2026-03-29,GLOBAL_HEALTH,179.25,3.66,6.84,1551415,High Volatility
2026-03-30,NEXUS_FIN,179.4,0.15,0.89,4896061,Low Volatility
2026-03-31,ALPHA_TECH,179.43,0.03,0.74,4299573,Low Volatility
2026-04-01,AERO_ENERGY,181.97,2.54,0.97,2311390,Low Volatility
2026-04-02,NEXUS_FIN,187.2,5.23,2.53,3511535,Normal
2026-04-03,AERO_ENERGY,188.95,1.75,5.53,2733460,High Volatility
2026-04-04,NEXUS_FIN,189.49,0.54,2.34,12033261,Normal
2026-04-05,GLOBAL_HEALTH,192.76,3.27,1.1,7622161,Low Volatility
2026-04-06,GLOBAL_HEALTH,196.2,3.44,3.58,5166015,High Volatility
2026-04-07,AERO_ENERGY,197.64,1.44,5.77,20022041,High Volatility
2026-04-08,NEXUS_FIN,198.69,1.05,6.07,10124169,High Volatility
2026-04-09,GLOBAL_HEALTH,200.54,1.85,5.36,11967990,High Volatility
2026-04-10,AERO_ENERGY,197.06,-3.48,4.56,15673206,High Volatility
2026-04-11,AERO_ENERGY,194.54,-2.52,1.91,3905051,Normal
2026-04-12,NEXUS_FIN,195.24,0.7,3.09,1670013,Normal
2026-04-13,GLOBAL_HEALTH,193.41,-1.83,5.58,1061828,High Volatility
2026-04-14,AERO_ENERGY,193.6,0.19,1.95,7991777,Normal
2026-04-15,ALPHA_TECH,194.21,0.61,4.89,2041871,High Volatility
2026-04-16,ALPHA_TECH,191.86,-2.35,6.46,63338855,High Volatility
2026-04-17,GLOBAL_HEALTH,193.45,1.59,1.53,2255313,Low Volatility
2026-04-18,GLOBAL_HEALTH,188.79,-4.66,4.13,1964376,High Volatility
2026-04-19,ALPHA_TECH,188.09,-0.7,0.99,8242139,Low Volatility
2026-04-20,AERO_ENERGY,184.36,-3.73,2.86,8379809,Normal
2026-04-21,NEXUS_FIN,183.65,-0.71,7.19,18626957,High Volatility
2026-04-22,AERO_ENERGY,186.14,2.49,1.36,3623216,Low Volatility
2026-04-23,GLOBAL_HEALTH,184.39,-1.75,0.82,11191421,Low Volatility
2026-04-24,GLOBAL_HEALTH,179.43,-4.96,3.2,3885017,Normal
2026-04-25,NEXUS_FIN,178.94,-0.49,1.55,6846929,Low Volatility
2026-04-26,AERO_ENERGY,176.96,-1.98,5.56,3729186,High Volatility
2026-04-27,NEXUS_FIN,177.06,0.1,6.72,20454251,High Volatility
2026-04-28,AERO_ENERGY,176.57,-0.49,1.99,27144376,Normal
2026-04-29,AERO_ENERGY,177.11,0.54,1.68,1707847,Low Volatility
2026-04-30,ALPHA_TECH,180.14,3.03,1.31,12288844,Low Volatility
2026-05-01,AERO_ENERGY,179.3,-0.84,1.83,2102045,Normal
2026-05-02,GLOBAL_HEALTH,179.62,0.32,0.8,11208842,Low Volatility
2026-05-03,GLOBAL_HEALTH,178.91,-0.71,0.53,16429707,Low Volatility
2026-05-04,GLOBAL_HEALTH,181.54,2.63,2.76,2049497,Normal
2026-05-05,ALPHA_TECH,182.03,0.49,4.88,1664126,High Volatility
2026-05-06,NEXUS_FIN,183.43,1.4,4.09,2977083,High Volatility
2026-05-07,GLOBAL_HEALTH,185.43,2.0,1.73,11261834,Low Volatility
2026-05-08,GLOBAL_HEALTH,180.67,-4.76,5.57,6472945,High Volatility
2026-05-09,NEXUS_FIN,182.74,2.07,2.43,3627231,Normal
2026-05-10,ALPHA_TECH,183.79,1.05,0.43,7876783,Low Volatility
2026-05-11,AERO_ENERGY,182.2,-1.59,3.53,3502601,High Volatility
2026-05-12,NEXUS_FIN,185.52,3.32,1.71,4915964,Low Volatility
2026-05-13,AERO_ENERGY,188.09,2.57,3.99,6842007,High Volatility
2026-05-14,AERO_ENERGY,187.72,-0.37,2.48,6482466,Normal
2026-05-15,AERO_ENERGY,182.65,-5.07,4.65,17106531,High Volatility
