Timestamp,Facility,Temperature_C,Pressure_PSI,Power_Consumption_KW,Vibration_Hz,Alarm_Status
2025-06-01 00:00:00,Facility-Alpha,47.8,104.6,129.66,2.53,NORMAL
2025-06-01 00:15:00,Facility-Alpha,56.1,102.0,138.71,0.2,NORMAL
2025-06-01 00:30:00,Facility-Gamma,57.7,105.2,147.31,0.36,NORMAL
2025-06-01 00:45:00,Facility-Gamma,61.1,102.4,149.54,1.15,NORMAL
2025-06-01 01:00:00,Facility-Gamma,63.9,96.8,152.84,0.51,NORMAL
2025-06-01 01:15:00,Facility-Gamma,48.0,95.2,124.77,0.06,NORMAL
2025-06-01 01:30:00,Facility-Beta,60.1,96.3,141.9,0.49,NORMAL
2025-06-01 01:45:00,Facility-Gamma,41.5,97.4,118.8,3.29,NORMAL
2025-06-01 02:00:00,Facility-Gamma,56.7,104.4,147.15,0.27,NORMAL
2025-06-01 02:15:00,Facility-Beta,59.2,106.7,144.3,2.02,NORMAL
2025-06-01 02:30:00,Facility-Beta,45.8,101.0,129.9,1.79,NORMAL
2025-06-01 02:45:00,Facility-Beta,58.7,98.4,148.82,0.16,NORMAL
2025-06-01 03:00:00,Facility-Beta,48.6,102.5,128.99,0.56,NORMAL
2025-06-01 03:15:00,Facility-Gamma,52.6,93.5,124.97,0.29,NORMAL
2025-06-01 03:30:00,Facility-Alpha,60.2,105.2,147.21,0.03,NORMAL
2025-06-01 03:45:00,Facility-Alpha,53.1,102.1,126.98,0.27,NORMAL
2025-06-01 04:00:00,Facility-Alpha,53.0,102.7,137.38,0.32,NORMAL
2025-06-01 04:15:00,Facility-Alpha,56.9,100.0,146.65,0.25,NORMAL
2025-06-01 04:30:00,Facility-Alpha,59.8,99.6,143.86,0.13,NORMAL
2025-06-01 04:45:00,Facility-Alpha,55.0,95.0,137.03,1.05,NORMAL
2025-06-01 05:00:00,Facility-Beta,64.5,106.3,163.58,0.55,NORMAL
2025-06-01 05:15:00,Facility-Beta,53.0,96.7,130.96,3.34,NORMAL
2025-06-01 05:30:00,Facility-Alpha,62.4,99.2,154.79,0.29,NORMAL
2025-06-01 05:45:00,Facility-Gamma,58.2,98.1,154.52,1.29,NORMAL
2025-06-01 06:00:00,Facility-Gamma,59.0,106.1,152.32,3.23,NORMAL
2025-06-01 06:15:00,Facility-Alpha,48.0,99.8,121.16,0.07,NORMAL
2025-06-01 06:30:00,Facility-Gamma,62.3,106.7,154.69,1.02,NORMAL
2025-06-01 06:45:00,Facility-Beta,55.7,105.0,145.88,0.84,NORMAL
2025-06-01 07:00:00,Facility-Beta,68.9,98.2,165.8,3.7,WARNING
2025-06-01 07:15:00,Facility-Gamma,56.5,101.9,137.1,1.53,NORMAL
2025-06-01 07:30:00,Facility-Alpha,54.9,94.8,138.93,0.6,NORMAL
2025-06-01 07:45:00,Facility-Beta,51.9,104.2,134.04,1.74,NORMAL
2025-06-01 08:00:00,Facility-Gamma,55.0,99.5,136.52,1.22,NORMAL
2025-06-01 08:15:00,Facility-Gamma,63.5,97.6,156.11,0.6,NORMAL
2025-06-01 08:30:00,Facility-Beta,59.7,101.2,156.76,2.15,NORMAL
2025-06-01 08:45:00,Facility-Beta,56.8,100.3,138.63,1.54,NORMAL
2025-06-01 09:00:00,Facility-Alpha,60.1,103.7,151.92,0.01,NORMAL
2025-06-01 09:15:00,Facility-Gamma,52.3,110.9,138.1,2.8,NORMAL
2025-06-01 09:30:00,Facility-Alpha,51.9,108.4,139.83,0.71,NORMAL
2025-06-01 09:45:00,Facility-Beta,51.2,97.0,131.5,1.45,NORMAL
2025-06-01 10:00:00,Facility-Gamma,60.9,109.3,150.45,0.71,NORMAL
2025-06-01 10:15:00,Facility-Beta,61.5,102.6,148.66,2.98,NORMAL
2025-06-01 10:30:00,Facility-Beta,50.2,91.0,129.07,1.47,NORMAL
2025-06-01 10:45:00,Facility-Beta,50.9,101.4,132.83,1.21,NORMAL
2025-06-01 11:00:00,Facility-Alpha,54.2,95.4,138.83,5.5,NORMAL
2025-06-01 11:15:00,Facility-Beta,48.9,100.4,120.2,0.46,NORMAL
2025-06-01 11:30:00,Facility-Alpha,56.4,111.0,151.38,0.09,NORMAL
2025-06-01 11:45:00,Facility-Beta,63.6,96.5,160.16,1.02,NORMAL
2025-06-01 12:00:00,Facility-Beta,57.2,96.4,142.28,0.77,NORMAL
2025-06-01 12:15:00,Facility-Gamma,61.2,102.0,154.26,0.85,NORMAL
2025-06-01 12:30:00,Facility-Beta,47.1,98.7,129.14,1.36,NORMAL
2025-06-01 12:45:00,Facility-Gamma,52.0,101.2,133.18,1.34,NORMAL
2025-06-01 13:00:00,Facility-Gamma,43.6,102.9,120.8,0.7,NORMAL
2025-06-01 13:15:00,Facility-Alpha,54.6,95.7,138.99,2.78,NORMAL
2025-06-01 13:30:00,Facility-Gamma,68.1,103.4,161.32,1.48,WARNING
2025-06-01 13:45:00,Facility-Gamma,65.6,99.0,158.37,3.09,WARNING
2025-06-01 14:00:00,Facility-Beta,57.3,107.2,135.92,3.42,NORMAL
2025-06-01 14:15:00,Facility-Beta,55.5,98.5,136.18,0.26,NORMAL
2025-06-01 14:30:00,Facility-Alpha,57.9,99.2,151.22,1.6,NORMAL
2025-06-01 14:45:00,Facility-Gamma,47.9,98.2,127.43,0.53,NORMAL
2025-06-01 15:00:00,Facility-Gamma,56.5,100.5,137.92,2.53,NORMAL
2025-06-01 15:15:00,Facility-Alpha,42.1,95.9,107.97,1.85,NORMAL
2025-06-01 15:30:00,Facility-Beta,39.7,104.7,125.95,0.31,NORMAL
2025-06-01 15:45:00,Facility-Gamma,52.9,100.0,131.71,3.91,NORMAL
2025-06-01 16:00:00,Facility-Alpha,69.2,106.1,164.51,1.61,WARNING
2025-06-01 16:15:00,Facility-Beta,65.0,102.7,161.08,4.16,NORMAL
2025-06-01 16:30:00,Facility-Alpha,61.9,110.1,151.31,0.32,NORMAL
2025-06-01 16:45:00,Facility-Alpha,55.1,101.2,141.54,2.85,NORMAL
2025-06-01 17:00:00,Facility-Gamma,64.4,100.8,156.38,1.54,NORMAL
2025-06-01 17:15:00,Facility-Beta,51.9,105.0,129.56,1.13,NORMAL
2025-06-01 17:30:00,Facility-Gamma,47.9,93.1,123.71,2.4,NORMAL
2025-06-01 17:45:00,Facility-Gamma,51.6,100.2,134.59,1.4,NORMAL
2025-06-01 18:00:00,Facility-Beta,45.4,102.0,117.23,1.55,NORMAL
2025-06-01 18:15:00,Facility-Beta,68.6,105.7,168.36,0.41,WARNING
2025-06-01 18:30:00,Facility-Beta,58.3,106.6,151.07,2.38,NORMAL
2025-06-01 18:45:00,Facility-Gamma,49.8,107.4,127.49,1.47,NORMAL
2025-06-01 19:00:00,Facility-Beta,54.5,101.1,140.97,2.6,NORMAL
2025-06-01 19:15:00,Facility-Beta,54.3,99.1,138.53,0.61,NORMAL
2025-06-01 19:30:00,Facility-Beta,63.6,102.7,153.84,0.56,NORMAL
2025-06-01 19:45:00,Facility-Alpha,68.4,101.2,162.3,0.03,WARNING
2025-06-01 20:00:00,Facility-Beta,61.5,94.9,150.63,2.05,NORMAL
2025-06-01 20:15:00,Facility-Gamma,59.5,103.1,145.39,0.56,NORMAL
2025-06-01 20:30:00,Facility-Alpha,56.9,98.3,144.63,0.55,NORMAL
2025-06-01 20:45:00,Facility-Gamma,55.7,101.4,136.81,1.63,NORMAL
2025-06-01 21:00:00,Facility-Alpha,55.6,101.1,136.88,0.41,NORMAL
2025-06-01 21:15:00,Facility-Beta,55.7,112.0,138.63,3.36,NORMAL
2025-06-01 21:30:00,Facility-Alpha,53.8,106.4,130.8,1.08,NORMAL
2025-06-01 21:45:00,Facility-Gamma,52.3,105.3,137.02,4.88,NORMAL
2025-06-01 22:00:00,Facility-Alpha,48.6,106.8,120.42,0.11,NORMAL
2025-06-01 22:15:00,Facility-Beta,53.6,100.8,138.44,0.58,NORMAL
2025-06-01 22:30:00,Facility-Beta,47.1,96.8,123.08,0.67,NORMAL
2025-06-01 22:45:00,Facility-Gamma,51.6,92.7,139.39,1.84,NORMAL
2025-06-01 23:00:00,Facility-Alpha,54.3,104.8,142.7,0.34,NORMAL
2025-06-01 23:15:00,Facility-Gamma,56.6,104.9,146.39,0.66,NORMAL
2025-06-01 23:30:00,Facility-Gamma,56.5,99.0,137.94,3.38,NORMAL
2025-06-01 23:45:00,Facility-Gamma,58.0,99.5,141.38,0.17,NORMAL
2025-06-02 00:00:00,Facility-Beta,57.5,98.8,140.92,1.91,NORMAL
2025-06-02 00:15:00,Facility-Alpha,65.8,98.8,157.78,1.7,WARNING
2025-06-02 00:30:00,Facility-Beta,64.9,100.1,153.94,0.2,NORMAL
2025-06-02 00:45:00,Facility-Beta,52.7,103.9,139.27,1.63,NORMAL
2025-06-02 01:00:00,Facility-Beta,60.5,107.2,149.83,1.18,NORMAL
2025-06-02 01:15:00,Facility-Alpha,53.9,102.3,143.52,0.47,NORMAL
2025-06-02 01:30:00,Facility-Beta,45.0,108.1,120.13,0.52,NORMAL
2025-06-02 01:45:00,Facility-Beta,59.0,113.1,155.17,2.51,NORMAL
2025-06-02 02:00:00,Facility-Beta,51.8,104.2,144.57,0.37,NORMAL
2025-06-02 02:15:00,Facility-Alpha,50.9,102.1,141.3,1.01,NORMAL
2025-06-02 02:30:00,Facility-Alpha,51.5,91.9,125.16,1.6,NORMAL
2025-06-02 02:45:00,Facility-Gamma,50.5,105.1,138.7,0.19,NORMAL
2025-06-02 03:00:00,Facility-Beta,66.0,102.7,148.77,3.77,WARNING
2025-06-02 03:15:00,Facility-Beta,47.8,102.8,119.38,0.42,NORMAL
2025-06-02 03:30:00,Facility-Alpha,54.1,101.4,140.94,0.54,NORMAL
2025-06-02 03:45:00,Facility-Alpha,44.9,100.4,123.17,1.54,NORMAL
2025-06-02 04:00:00,Facility-Beta,50.6,97.9,133.25,0.11,NORMAL
2025-06-02 04:15:00,Facility-Gamma,47.1,106.0,124.75,1.38,NORMAL
2025-06-02 04:30:00,Facility-Gamma,58.1,90.2,135.08,3.47,NORMAL
2025-06-02 04:45:00,Facility-Beta,45.9,104.4,115.34,0.4,NORMAL
2025-06-02 05:00:00,Facility-Gamma,63.6,95.6,148.41,0.63,NORMAL
2025-06-02 05:15:00,Facility-Gamma,47.1,108.2,131.31,0.37,NORMAL
2025-06-02 05:30:00,Facility-Beta,48.8,100.9,132.5,2.39,NORMAL
2025-06-02 05:45:00,Facility-Gamma,59.0,104.9,149.64,0.26,NORMAL
2025-06-02 06:00:00,Facility-Alpha,91.3,103.3,206.64,0.6,CRITICAL
2025-06-02 06:15:00,Facility-Beta,77.4,107.8,190.91,1.29,CRITICAL
2025-06-02 06:30:00,Facility-Alpha,83.6,110.7,201.79,0.73,CRITICAL
2025-06-02 06:45:00,Facility-Beta,73.7,107.6,180.42,0.09,WARNING
2025-06-02 07:00:00,Facility-Alpha,76.9,105.2,186.28,4.13,CRITICAL
2025-06-02 07:15:00,Facility-Gamma,79.3,101.1,184.93,0.58,CRITICAL
2025-06-02 07:30:00,Facility-Alpha,75.0,104.6,179.23,0.83,WARNING
2025-06-02 07:45:00,Facility-Alpha,86.8,107.0,195.18,0.26,CRITICAL
2025-06-02 08:00:00,Facility-Alpha,84.8,100.7,194.82,2.81,CRITICAL
2025-06-02 08:15:00,Facility-Alpha,76.8,102.7,176.09,0.48,CRITICAL
2025-06-02 08:30:00,Facility-Alpha,65.3,99.0,163.34,0.03,WARNING
2025-06-02 08:45:00,Facility-Beta,75.6,106.3,181.72,0.53,CRITICAL
2025-06-02 09:00:00,Facility-Alpha,87.6,104.7,197.42,5.79,CRITICAL
2025-06-02 09:15:00,Facility-Alpha,79.3,96.7,184.93,0.22,CRITICAL
2025-06-02 09:30:00,Facility-Beta,86.1,103.9,202.15,0.04,CRITICAL
2025-06-02 09:45:00,Facility-Beta,64.9,101.5,153.06,1.21,NORMAL
2025-06-02 10:00:00,Facility-Gamma,58.6,103.0,145.39,0.65,NORMAL
2025-06-02 10:15:00,Facility-Alpha,61.8,99.2,146.06,2.22,NORMAL
2025-06-02 10:30:00,Facility-Alpha,51.6,108.3,136.0,1.84,NORMAL
2025-06-02 10:45:00,Facility-Gamma,62.0,99.5,158.07,0.29,NORMAL
2025-06-02 11:00:00,Facility-Alpha,53.7,112.0,141.46,1.16,NORMAL
2025-06-02 11:15:00,Facility-Gamma,50.4,103.1,134.86,0.05,NORMAL
2025-06-02 11:30:00,Facility-Beta,67.7,101.1,159.57,0.81,WARNING
2025-06-02 11:45:00,Facility-Alpha,54.9,104.4,144.83,1.75,NORMAL
2025-06-02 12:00:00,Facility-Alpha,50.7,103.8,132.46,0.75,NORMAL
2025-06-02 12:15:00,Facility-Beta,57.6,111.3,152.01,0.18,NORMAL
2025-06-02 12:30:00,Facility-Alpha,48.5,104.5,133.44,0.09,NORMAL
2025-06-02 12:45:00,Facility-Beta,47.5,94.1,117.87,2.69,NORMAL
2025-06-02 13:00:00,Facility-Beta,53.7,99.5,133.04,3.11,NORMAL
2025-06-02 13:15:00,Facility-Gamma,46.4,106.0,123.86,0.59,NORMAL
2025-06-02 13:30:00,Facility-Beta,52.2,101.6,143.48,0.25,NORMAL
2025-06-02 13:45:00,Facility-Gamma,47.1,100.1,131.61,5.38,NORMAL
2025-06-02 14:00:00,Facility-Beta,60.9,99.4,149.88,1.11,NORMAL
2025-06-02 14:15:00,Facility-Gamma,65.1,98.3,170.2,0.91,WARNING
2025-06-02 14:30:00,Facility-Gamma,46.7,103.5,118.91,1.89,NORMAL
2025-06-02 14:45:00,Facility-Gamma,67.8,99.4,160.62,0.26,WARNING
2025-06-02 15:00:00,Facility-Gamma,59.6,108.5,156.56,1.21,NORMAL
2025-06-02 15:15:00,Facility-Alpha,56.5,98.7,141.4,3.09,NORMAL
2025-06-02 15:30:00,Facility-Beta,45.9,96.5,116.98,0.03,NORMAL
2025-06-02 15:45:00,Facility-Beta,45.2,102.3,124.27,1.56,NORMAL
2025-06-02 16:00:00,Facility-Beta,54.8,93.2,149.3,1.12,NORMAL
2025-06-02 16:15:00,Facility-Beta,54.0,91.6,129.66,4.22,NORMAL
2025-06-02 16:30:00,Facility-Gamma,53.2,105.2,134.18,0.42,NORMAL
2025-06-02 16:45:00,Facility-Alpha,55.3,102.6,135.2,2.74,NORMAL
2025-06-02 17:00:00,Facility-Beta,50.7,93.0,126.36,0.52,NORMAL
2025-06-02 17:15:00,Facility-Beta,53.7,102.8,143.19,0.79,NORMAL
2025-06-02 17:30:00,Facility-Beta,55.0,101.1,147.28,0.34,NORMAL
2025-06-02 17:45:00,Facility-Gamma,70.4,95.5,158.59,2.79,WARNING
2025-06-02 18:00:00,Facility-Beta,41.4,105.7,119.84,0.3,NORMAL
2025-06-02 18:15:00,Facility-Beta,57.3,109.2,150.69,2.74,NORMAL
2025-06-02 18:30:00,Facility-Alpha,55.5,111.1,140.93,0.85,NORMAL
2025-06-02 18:45:00,Facility-Gamma,55.1,103.9,144.45,2.52,NORMAL
2025-06-02 19:00:00,Facility-Alpha,57.2,102.5,145.84,0.43,NORMAL
2025-06-02 19:15:00,Facility-Beta,66.9,110.4,170.04,0.2,WARNING
2025-06-02 19:30:00,Facility-Gamma,57.1,103.5,133.05,1.13,NORMAL
2025-06-02 19:45:00,Facility-Beta,46.0,100.9,124.62,1.0,NORMAL
2025-06-02 20:00:00,Facility-Beta,57.2,99.4,146.79,0.62,NORMAL
2025-06-02 20:15:00,Facility-Gamma,54.0,104.9,144.39,1.52,NORMAL
2025-06-02 20:30:00,Facility-Alpha,51.3,95.0,134.37,0.14,NORMAL
2025-06-02 20:45:00,Facility-Gamma,56.1,107.6,137.99,1.36,NORMAL
2025-06-02 21:00:00,Facility-Gamma,54.3,96.1,143.32,0.33,NORMAL
2025-06-02 21:15:00,Facility-Alpha,53.6,98.6,139.65,0.19,NORMAL
2025-06-02 21:30:00,Facility-Gamma,54.4,103.8,139.53,3.37,NORMAL
2025-06-02 21:45:00,Facility-Alpha,48.0,110.3,130.7,0.86,NORMAL
2025-06-02 22:00:00,Facility-Alpha,59.3,101.2,156.04,2.02,NORMAL
2025-06-02 22:15:00,Facility-Gamma,54.2,97.7,140.2,0.13,NORMAL
2025-06-02 22:30:00,Facility-Gamma,56.6,107.2,145.54,0.08,NORMAL
2025-06-02 22:45:00,Facility-Alpha,49.8,100.4,125.55,0.96,NORMAL
2025-06-02 23:00:00,Facility-Alpha,48.3,94.8,123.73,0.53,NORMAL
2025-06-02 23:15:00,Facility-Alpha,52.8,105.1,132.82,0.01,NORMAL
2025-06-02 23:30:00,Facility-Alpha,54.8,101.4,130.44,0.28,NORMAL
2025-06-02 23:45:00,Facility-Alpha,52.5,101.3,136.14,0.35,NORMAL
2025-06-03 00:00:00,Facility-Gamma,55.5,105.7,133.41,0.48,NORMAL
2025-06-03 00:15:00,Facility-Beta,42.1,106.1,115.07,2.94,NORMAL
2025-06-03 00:30:00,Facility-Gamma,67.0,99.0,158.65,0.76,WARNING
2025-06-03 00:45:00,Facility-Beta,50.4,103.0,124.62,1.59,NORMAL
2025-06-03 01:00:00,Facility-Alpha,48.0,95.4,129.65,0.03,NORMAL
2025-06-03 01:15:00,Facility-Gamma,61.9,101.2,151.33,2.35,NORMAL
2025-06-03 01:30:00,Facility-Beta,48.0,98.5,114.31,0.38,NORMAL
2025-06-03 01:45:00,Facility-Alpha,56.2,101.5,145.96,0.52,NORMAL
2025-06-03 02:00:00,Facility-Gamma,48.0,100.6,135.49,0.06,NORMAL
2025-06-03 02:15:00,Facility-Beta,53.2,101.6,137.3,0.74,NORMAL
2025-06-03 02:30:00,Facility-Gamma,53.3,94.9,137.0,2.68,NORMAL
2025-06-03 02:45:00,Facility-Beta,50.5,96.5,131.12,0.67,NORMAL
2025-06-03 03:00:00,Facility-Gamma,60.3,101.4,151.95,3.35,NORMAL
2025-06-03 03:15:00,Facility-Gamma,63.5,109.1,155.24,2.83,NORMAL
2025-06-03 03:30:00,Facility-Beta,50.4,105.7,129.27,0.09,NORMAL
2025-06-03 03:45:00,Facility-Gamma,55.8,104.4,136.93,0.51,NORMAL
2025-06-03 04:00:00,Facility-Gamma,47.1,99.7,125.26,3.38,NORMAL
2025-06-03 04:15:00,Facility-Alpha,55.6,98.1,142.55,0.04,NORMAL
2025-06-03 04:30:00,Facility-Beta,59.9,105.2,153.06,2.03,NORMAL
2025-06-03 04:45:00,Facility-Gamma,55.7,97.2,137.04,3.32,NORMAL
2025-06-03 05:00:00,Facility-Beta,51.6,109.7,135.79,2.06,NORMAL
2025-06-03 05:15:00,Facility-Gamma,53.5,102.2,136.19,1.91,NORMAL
2025-06-03 05:30:00,Facility-Beta,52.1,111.5,135.86,2.6,NORMAL
2025-06-03 05:45:00,Facility-Beta,53.7,110.1,131.06,1.53,NORMAL
2025-06-03 06:00:00,Facility-Alpha,51.1,104.3,132.73,0.77,NORMAL
2025-06-03 06:15:00,Facility-Alpha,56.0,104.1,140.95,0.09,NORMAL
2025-06-03 06:30:00,Facility-Beta,47.8,99.5,125.6,2.17,NORMAL
2025-06-03 06:45:00,Facility-Gamma,38.3,108.3,109.6,3.3,NORMAL
2025-06-03 07:00:00,Facility-Beta,61.4,100.7,152.25,1.0,NORMAL
2025-06-03 07:15:00,Facility-Gamma,54.7,94.8,149.92,1.06,NORMAL
2025-06-03 07:30:00,Facility-Beta,55.7,107.6,147.22,0.72,NORMAL
2025-06-03 07:45:00,Facility-Alpha,50.5,104.9,130.49,2.72,NORMAL
2025-06-03 08:00:00,Facility-Alpha,52.4,100.1,133.25,0.02,NORMAL
2025-06-03 08:15:00,Facility-Gamma,48.6,103.6,128.35,1.37,NORMAL
2025-06-03 08:30:00,Facility-Beta,62.1,102.5,153.36,3.33,NORMAL
2025-06-03 08:45:00,Facility-Gamma,52.0,109.1,137.21,0.15,NORMAL
2025-06-03 09:00:00,Facility-Alpha,45.7,97.9,119.16,4.48,NORMAL
2025-06-03 09:15:00,Facility-Beta,59.1,109.1,147.5,4.8,NORMAL
2025-06-03 09:30:00,Facility-Alpha,61.8,108.4,157.83,3.72,NORMAL
2025-06-03 09:45:00,Facility-Alpha,53.9,99.5,135.51,0.87,NORMAL
2025-06-03 10:00:00,Facility-Beta,64.1,104.3,159.96,0.68,NORMAL
2025-06-03 10:15:00,Facility-Gamma,56.8,104.9,143.11,1.71,NORMAL
2025-06-03 10:30:00,Facility-Beta,54.2,115.8,134.86,0.54,NORMAL
2025-06-03 10:45:00,Facility-Alpha,54.4,98.9,132.2,0.1,NORMAL
2025-06-03 11:00:00,Facility-Alpha,58.0,93.7,133.88,3.24,NORMAL
2025-06-03 11:15:00,Facility-Alpha,61.5,93.4,149.09,1.41,NORMAL
2025-06-03 11:30:00,Facility-Alpha,58.1,103.4,137.44,0.32,NORMAL
2025-06-03 11:45:00,Facility-Gamma,56.6,107.0,142.18,0.03,NORMAL
2025-06-03 12:00:00,Facility-Beta,55.4,98.4,137.24,1.8,NORMAL
2025-06-03 12:15:00,Facility-Beta,59.2,101.5,145.93,2.68,NORMAL
2025-06-03 12:30:00,Facility-Gamma,51.2,100.4,136.72,0.73,NORMAL
2025-06-03 12:45:00,Facility-Gamma,45.9,97.3,126.81,0.12,NORMAL
2025-06-03 13:00:00,Facility-Alpha,56.1,105.1,139.3,1.46,NORMAL
2025-06-03 13:15:00,Facility-Beta,48.9,94.5,125.72,0.49,NORMAL
2025-06-03 13:30:00,Facility-Beta,46.0,105.3,122.81,0.22,NORMAL
2025-06-03 13:45:00,Facility-Beta,64.7,100.5,158.77,1.0,NORMAL
2025-06-03 14:00:00,Facility-Gamma,35.1,106.8,105.48,0.92,NORMAL
2025-06-03 14:15:00,Facility-Alpha,58.7,103.2,149.2,1.02,NORMAL
2025-06-03 14:30:00,Facility-Alpha,48.6,95.4,119.97,2.43,NORMAL
2025-06-03 14:45:00,Facility-Beta,50.2,103.8,133.02,0.93,NORMAL
2025-06-03 15:00:00,Facility-Alpha,57.6,100.7,136.94,3.23,NORMAL
2025-06-03 15:15:00,Facility-Gamma,69.0,107.3,163.22,2.58,WARNING
2025-06-03 15:30:00,Facility-Gamma,59.2,105.7,149.35,1.47,NORMAL
2025-06-03 15:45:00,Facility-Beta,48.9,107.5,121.26,0.08,NORMAL
2025-06-03 16:00:00,Facility-Alpha,54.7,100.8,127.84,2.8,NORMAL
2025-06-03 16:15:00,Facility-Gamma,53.3,98.3,129.47,3.3,NORMAL
2025-06-03 16:30:00,Facility-Gamma,42.6,102.3,112.9,0.66,NORMAL
2025-06-03 16:45:00,Facility-Gamma,55.3,105.7,137.65,1.05,NORMAL
2025-06-03 17:00:00,Facility-Gamma,51.0,98.1,128.42,0.46,NORMAL
2025-06-03 17:15:00,Facility-Alpha,59.4,103.8,149.97,0.02,NORMAL
2025-06-03 17:30:00,Facility-Gamma,53.2,104.1,147.2,0.91,NORMAL
2025-06-03 17:45:00,Facility-Gamma,64.3,108.6,156.04,0.19,NORMAL
2025-06-03 18:00:00,Facility-Alpha,57.1,97.7,143.77,0.28,NORMAL
2025-06-03 18:15:00,Facility-Beta,56.3,104.6,149.41,0.92,NORMAL
2025-06-03 18:30:00,Facility-Beta,66.8,100.2,165.65,2.82,WARNING
2025-06-03 18:45:00,Facility-Gamma,56.8,99.0,137.91,2.61,NORMAL
2025-06-03 19:00:00,Facility-Beta,64.9,111.1,165.63,4.7,NORMAL
2025-06-03 19:15:00,Facility-Alpha,48.2,104.4,134.97,0.92,NORMAL
2025-06-03 19:30:00,Facility-Gamma,42.9,109.3,128.59,1.12,NORMAL
2025-06-03 19:45:00,Facility-Alpha,56.3,99.0,148.78,2.42,NORMAL
2025-06-03 20:00:00,Facility-Beta,62.2,109.9,150.42,1.68,NORMAL
2025-06-03 20:15:00,Facility-Beta,48.1,100.6,128.02,0.28,NORMAL
2025-06-03 20:30:00,Facility-Gamma,52.4,106.0,133.27,0.71,NORMAL
2025-06-03 20:45:00,Facility-Beta,44.9,98.1,113.53,3.71,NORMAL
2025-06-03 21:00:00,Facility-Gamma,54.8,97.6,140.07,0.22,NORMAL
2025-06-03 21:15:00,Facility-Gamma,54.9,102.3,140.75,0.33,NORMAL
2025-06-03 21:30:00,Facility-Alpha,58.7,109.4,150.27,0.72,NORMAL
2025-06-03 21:45:00,Facility-Beta,52.0,108.1,134.47,3.94,NORMAL
2025-06-03 22:00:00,Facility-Beta,53.4,103.0,149.57,0.17,NORMAL
2025-06-03 22:15:00,Facility-Gamma,58.8,100.9,153.74,1.56,NORMAL
2025-06-03 22:30:00,Facility-Gamma,56.3,103.8,140.77,0.2,NORMAL
2025-06-03 22:45:00,Facility-Gamma,57.4,97.7,142.28,1.04,NORMAL
2025-06-03 23:00:00,Facility-Gamma,60.1,103.0,151.86,1.08,NORMAL
2025-06-03 23:15:00,Facility-Alpha,59.4,102.6,153.1,0.06,NORMAL
2025-06-03 23:30:00,Facility-Beta,67.7,102.6,165.31,4.31,WARNING
2025-06-03 23:45:00,Facility-Alpha,57.7,104.5,146.23,2.3,NORMAL
2025-06-04 00:00:00,Facility-Beta,57.7,106.0,139.17,0.51,NORMAL
2025-06-04 00:15:00,Facility-Alpha,53.2,91.6,142.21,0.2,NORMAL
2025-06-04 00:30:00,Facility-Gamma,55.4,98.7,136.04,0.59,NORMAL
2025-06-04 00:45:00,Facility-Alpha,47.3,99.5,130.25,3.15,NORMAL
2025-06-04 01:00:00,Facility-Alpha,51.3,101.7,133.18,0.2,NORMAL
2025-06-04 01:15:00,Facility-Gamma,61.8,102.1,158.33,0.6,NORMAL
2025-06-04 01:30:00,Facility-Gamma,45.7,105.3,117.88,0.95,NORMAL
2025-06-04 01:45:00,Facility-Beta,63.4,103.8,152.46,0.05,NORMAL
2025-06-04 02:00:00,Facility-Beta,53.2,107.8,138.18,0.44,NORMAL
2025-06-04 02:15:00,Facility-Alpha,49.5,101.0,124.92,1.27,NORMAL
2025-06-04 02:30:00,Facility-Alpha,53.3,99.3,132.98,0.55,NORMAL
2025-06-04 02:45:00,Facility-Alpha,58.5,101.8,152.48,2.86,NORMAL
2025-06-04 03:00:00,Facility-Gamma,55.5,102.5,143.66,3.87,NORMAL
2025-06-04 03:15:00,Facility-Beta,66.5,102.8,168.06,0.82,WARNING
2025-06-04 03:30:00,Facility-Alpha,57.6,101.2,144.49,1.06,NORMAL
2025-06-04 03:45:00,Facility-Beta,58.1,107.3,146.71,1.4,NORMAL
2025-06-04 04:00:00,Facility-Beta,58.2,106.8,140.94,1.53,NORMAL
2025-06-04 04:15:00,Facility-Gamma,55.8,107.3,148.6,0.09,NORMAL
2025-06-04 04:30:00,Facility-Gamma,53.5,98.0,134.69,0.08,NORMAL
2025-06-04 04:45:00,Facility-Alpha,55.6,105.7,143.33,2.81,NORMAL
2025-06-04 05:00:00,Facility-Alpha,56.4,109.6,142.56,0.35,NORMAL
2025-06-04 05:15:00,Facility-Alpha,54.7,107.4,155.65,1.23,NORMAL
2025-06-04 05:30:00,Facility-Alpha,62.5,100.1,153.16,1.37,NORMAL
2025-06-04 05:45:00,Facility-Alpha,61.9,100.9,148.21,0.25,NORMAL
2025-06-04 06:00:00,Facility-Beta,47.9,95.3,118.54,2.01,NORMAL
2025-06-04 06:15:00,Facility-Beta,60.8,108.2,155.36,2.81,NORMAL
2025-06-04 06:30:00,Facility-Gamma,54.9,98.0,134.25,0.47,NORMAL
2025-06-04 06:45:00,Facility-Gamma,53.2,100.2,133.58,2.94,NORMAL
2025-06-04 07:00:00,Facility-Beta,59.3,104.9,141.06,0.12,NORMAL
2025-06-04 07:15:00,Facility-Gamma,56.7,103.1,143.64,2.26,NORMAL
2025-06-04 07:30:00,Facility-Gamma,49.6,104.0,131.16,1.43,NORMAL
2025-06-04 07:45:00,Facility-Alpha,59.8,99.8,156.85,1.22,NORMAL
2025-06-04 08:00:00,Facility-Gamma,54.5,96.7,134.1,0.37,NORMAL
2025-06-04 08:15:00,Facility-Gamma,59.7,103.4,137.83,0.63,NORMAL
2025-06-04 08:30:00,Facility-Gamma,54.9,98.4,137.07,3.38,NORMAL
2025-06-04 08:45:00,Facility-Beta,59.8,104.7,156.03,0.88,NORMAL
2025-06-04 09:00:00,Facility-Beta,60.7,98.4,151.67,1.26,NORMAL
2025-06-04 09:15:00,Facility-Alpha,62.2,101.7,158.07,3.85,NORMAL
2025-06-04 09:30:00,Facility-Gamma,51.3,110.1,138.64,0.88,NORMAL
2025-06-04 09:45:00,Facility-Beta,66.0,103.4,157.97,0.69,WARNING
2025-06-04 10:00:00,Facility-Alpha,54.1,98.8,131.28,3.13,NORMAL
2025-06-04 10:15:00,Facility-Gamma,47.8,104.6,122.97,3.39,NORMAL
2025-06-04 10:30:00,Facility-Alpha,56.1,101.8,138.69,0.61,NORMAL
2025-06-04 10:45:00,Facility-Alpha,53.9,98.9,139.75,1.26,NORMAL
2025-06-04 11:00:00,Facility-Gamma,51.5,102.5,133.3,4.64,NORMAL
2025-06-04 11:15:00,Facility-Beta,55.3,108.0,133.74,0.08,NORMAL
2025-06-04 11:30:00,Facility-Gamma,59.5,105.1,150.74,0.06,NORMAL
2025-06-04 11:45:00,Facility-Gamma,57.0,101.6,149.35,1.02,NORMAL
2025-06-04 12:00:00,Facility-Gamma,63.0,96.9,144.27,0.48,NORMAL
2025-06-04 12:15:00,Facility-Beta,54.3,105.7,142.77,1.22,NORMAL
2025-06-04 12:30:00,Facility-Gamma,57.6,104.6,134.96,1.8,NORMAL
2025-06-04 12:45:00,Facility-Beta,56.5,95.1,135.36,0.1,NORMAL
2025-06-04 13:00:00,Facility-Alpha,66.2,95.7,151.02,3.0,WARNING
2025-06-04 13:15:00,Facility-Beta,48.9,109.5,135.24,0.45,NORMAL
2025-06-04 13:30:00,Facility-Alpha,51.6,103.8,142.72,0.67,NORMAL
2025-06-04 13:45:00,Facility-Alpha,67.5,96.1,165.25,0.58,WARNING
2025-06-04 14:00:00,Facility-Gamma,53.7,107.5,144.8,2.56,NORMAL
2025-06-04 14:15:00,Facility-Beta,45.6,107.9,120.58,0.26,NORMAL
2025-06-04 14:30:00,Facility-Alpha,66.9,99.2,163.01,0.04,WARNING
2025-06-04 14:45:00,Facility-Alpha,49.2,98.2,129.04,5.0,NORMAL
2025-06-04 15:00:00,Facility-Beta,55.6,102.8,135.32,5.52,NORMAL
2025-06-04 15:15:00,Facility-Beta,61.5,103.1,157.32,0.42,NORMAL
2025-06-04 15:30:00,Facility-Alpha,60.4,101.7,151.57,0.01,NORMAL
2025-06-04 15:45:00,Facility-Alpha,49.7,97.6,127.41,1.45,NORMAL
2025-06-04 16:00:00,Facility-Beta,69.3,100.8,169.17,1.46,WARNING
2025-06-04 16:15:00,Facility-Beta,58.2,100.5,145.7,3.95,NORMAL
2025-06-04 16:30:00,Facility-Alpha,54.7,95.7,142.75,0.5,NORMAL
2025-06-04 16:45:00,Facility-Gamma,49.0,106.9,140.4,0.29,NORMAL
2025-06-04 17:00:00,Facility-Beta,57.9,97.6,141.86,1.34,NORMAL
2025-06-04 17:15:00,Facility-Alpha,64.0,108.3,157.07,1.16,NORMAL
2025-06-04 17:30:00,Facility-Alpha,53.3,103.1,134.73,1.77,NORMAL
2025-06-04 17:45:00,Facility-Gamma,44.5,99.5,119.99,3.03,NORMAL
2025-06-04 18:00:00,Facility-Beta,50.8,104.1,139.83,1.15,NORMAL
2025-06-04 18:15:00,Facility-Alpha,53.0,101.8,130.82,0.23,NORMAL
2025-06-04 18:30:00,Facility-Gamma,45.9,108.4,119.13,1.28,NORMAL
2025-06-04 18:45:00,Facility-Beta,58.1,111.9,150.52,0.66,NORMAL
2025-06-04 19:00:00,Facility-Gamma,59.4,104.2,148.41,0.84,NORMAL
2025-06-04 19:15:00,Facility-Alpha,50.7,101.6,132.87,4.49,NORMAL
2025-06-04 19:30:00,Facility-Gamma,60.1,109.6,142.24,1.13,NORMAL
2025-06-04 19:45:00,Facility-Alpha,49.5,101.5,137.41,0.23,NORMAL
2025-06-04 20:00:00,Facility-Alpha,47.0,100.0,125.63,0.82,NORMAL
2025-06-04 20:15:00,Facility-Gamma,48.7,107.9,143.05,0.36,NORMAL
2025-06-04 20:30:00,Facility-Gamma,50.0,106.2,134.55,0.2,NORMAL
2025-06-04 20:45:00,Facility-Alpha,59.7,100.1,145.49,1.74,NORMAL
2025-06-04 21:00:00,Facility-Gamma,58.3,103.8,147.73,1.39,NORMAL
2025-06-04 21:15:00,Facility-Beta,49.5,100.9,136.86,0.96,NORMAL
2025-06-04 21:30:00,Facility-Beta,51.0,105.1,130.24,0.77,NORMAL
2025-06-04 21:45:00,Facility-Gamma,65.6,104.7,162.88,0.54,WARNING
2025-06-04 22:00:00,Facility-Gamma,59.9,96.6,148.65,0.13,NORMAL
2025-06-04 22:15:00,Facility-Beta,46.5,102.6,127.71,0.5,NORMAL
2025-06-04 22:30:00,Facility-Alpha,63.0,95.7,147.14,2.55,NORMAL
2025-06-04 22:45:00,Facility-Alpha,68.5,96.0,164.89,2.14,WARNING
2025-06-04 23:00:00,Facility-Beta,54.8,100.2,141.53,5.02,NORMAL
2025-06-04 23:15:00,Facility-Alpha,53.2,99.7,143.47,1.49,NORMAL
2025-06-04 23:30:00,Facility-Gamma,52.4,94.7,141.06,1.13,NORMAL
2025-06-04 23:45:00,Facility-Gamma,53.1,97.1,136.28,0.49,NORMAL
2025-06-05 00:00:00,Facility-Beta,59.6,95.5,146.63,0.11,NORMAL
2025-06-05 00:15:00,Facility-Beta,51.2,99.1,127.0,1.35,NORMAL
2025-06-05 00:30:00,Facility-Beta,59.6,104.8,148.22,0.94,NORMAL
2025-06-05 00:45:00,Facility-Beta,55.0,109.0,140.32,1.99,NORMAL
2025-06-05 01:00:00,Facility-Alpha,51.5,107.2,140.46,0.74,NORMAL
2025-06-05 01:15:00,Facility-Alpha,57.1,104.4,146.08,5.93,NORMAL
2025-06-05 01:30:00,Facility-Alpha,53.7,104.1,133.39,0.71,NORMAL
2025-06-05 01:45:00,Facility-Gamma,51.2,101.9,128.71,0.57,NORMAL
2025-06-05 02:00:00,Facility-Gamma,54.8,102.0,152.2,2.87,NORMAL
2025-06-05 02:15:00,Facility-Beta,54.9,108.6,140.12,0.7,NORMAL
2025-06-05 02:30:00,Facility-Beta,52.1,105.2,139.25,2.87,NORMAL
2025-06-05 02:45:00,Facility-Alpha,50.1,103.3,131.61,0.04,NORMAL
2025-06-05 03:00:00,Facility-Alpha,55.5,94.5,136.45,1.65,NORMAL
2025-06-05 03:15:00,Facility-Alpha,56.2,105.7,149.3,0.1,NORMAL
2025-06-05 03:30:00,Facility-Beta,57.4,105.7,143.33,0.22,NORMAL
2025-06-05 03:45:00,Facility-Alpha,57.2,99.6,141.29,1.69,NORMAL
2025-06-05 04:00:00,Facility-Beta,62.9,103.4,161.45,0.48,NORMAL
2025-06-05 04:15:00,Facility-Beta,48.5,101.8,126.1,0.33,NORMAL
2025-06-05 04:30:00,Facility-Gamma,64.5,100.0,149.07,2.26,NORMAL
2025-06-05 04:45:00,Facility-Gamma,47.0,104.2,120.64,4.09,NORMAL
2025-06-05 05:00:00,Facility-Beta,62.5,97.5,154.07,0.37,NORMAL
2025-06-05 05:15:00,Facility-Alpha,58.0,111.6,145.53,0.53,NORMAL
2025-06-05 05:30:00,Facility-Beta,51.9,104.8,140.99,1.75,NORMAL
2025-06-05 05:45:00,Facility-Beta,40.5,101.9,113.76,2.36,NORMAL
2025-06-05 06:00:00,Facility-Beta,46.0,106.7,129.29,9.92,NORMAL
2025-06-05 06:15:00,Facility-Beta,51.2,105.9,136.29,0.45,NORMAL
2025-06-05 06:30:00,Facility-Gamma,57.7,99.0,148.76,1.14,NORMAL
2025-06-05 06:45:00,Facility-Gamma,51.8,100.1,142.7,0.2,NORMAL
2025-06-05 07:00:00,Facility-Beta,54.8,92.1,138.3,0.56,NORMAL
2025-06-05 07:15:00,Facility-Gamma,52.4,97.6,135.94,0.06,NORMAL
2025-06-05 07:30:00,Facility-Gamma,56.0,105.4,148.52,0.33,NORMAL
2025-06-05 07:45:00,Facility-Alpha,46.7,103.2,122.52,0.99,NORMAL
2025-06-05 08:00:00,Facility-Gamma,53.4,100.2,138.91,0.25,NORMAL
2025-06-05 08:15:00,Facility-Gamma,58.2,104.0,141.75,3.08,NORMAL
2025-06-05 08:30:00,Facility-Beta,70.2,100.0,162.57,1.73,WARNING
2025-06-05 08:45:00,Facility-Gamma,60.1,95.9,144.16,0.04,NORMAL
2025-06-05 09:00:00,Facility-Gamma,53.9,98.1,142.6,2.93,NORMAL
2025-06-05 09:15:00,Facility-Gamma,51.2,112.7,136.54,5.3,NORMAL
2025-06-05 09:30:00,Facility-Beta,57.7,101.7,140.64,0.98,NORMAL
2025-06-05 09:45:00,Facility-Beta,50.0,102.0,134.6,0.53,NORMAL
2025-06-05 10:00:00,Facility-Gamma,55.9,104.8,134.3,0.43,NORMAL
2025-06-05 10:15:00,Facility-Beta,56.9,106.8,135.78,0.13,NORMAL
2025-06-05 10:30:00,Facility-Beta,53.8,101.4,136.14,0.95,NORMAL
2025-06-05 10:45:00,Facility-Alpha,60.8,107.4,151.06,0.07,NORMAL
2025-06-05 11:00:00,Facility-Gamma,54.4,101.4,143.7,0.98,NORMAL
2025-06-05 11:15:00,Facility-Alpha,52.3,102.4,141.1,0.41,NORMAL
2025-06-05 11:30:00,Facility-Gamma,51.9,100.2,132.99,0.91,NORMAL
2025-06-05 11:45:00,Facility-Gamma,47.3,105.9,126.46,0.76,NORMAL
2025-06-05 12:00:00,Facility-Alpha,46.5,96.2,118.3,0.51,NORMAL
2025-06-05 12:15:00,Facility-Alpha,58.6,103.4,146.29,0.83,NORMAL
2025-06-05 12:30:00,Facility-Gamma,63.9,105.1,144.28,0.9,NORMAL
2025-06-05 12:45:00,Facility-Alpha,67.9,107.0,162.76,2.51,WARNING
2025-06-05 13:00:00,Facility-Alpha,61.7,104.9,152.62,1.53,NORMAL
2025-06-05 13:15:00,Facility-Beta,58.1,98.3,139.97,0.79,NORMAL
2025-06-05 13:30:00,Facility-Gamma,56.8,105.0,141.02,3.3,NORMAL
2025-06-05 13:45:00,Facility-Beta,62.9,105.7,154.01,1.97,NORMAL
2025-06-05 14:00:00,Facility-Gamma,52.8,105.3,137.13,0.11,NORMAL
2025-06-05 14:15:00,Facility-Beta,65.8,101.3,163.27,0.23,WARNING
2025-06-05 14:30:00,Facility-Gamma,54.8,101.7,141.45,0.12,NORMAL
2025-06-05 14:45:00,Facility-Beta,56.6,106.9,149.05,0.54,NORMAL
2025-06-05 15:00:00,Facility-Gamma,55.1,102.4,143.0,0.8,NORMAL
2025-06-05 15:15:00,Facility-Beta,61.8,98.1,151.05,0.98,NORMAL
2025-06-05 15:30:00,Facility-Alpha,54.9,100.6,150.22,2.67,NORMAL
2025-06-05 15:45:00,Facility-Gamma,57.4,109.1,143.38,0.03,NORMAL
2025-06-05 16:00:00,Facility-Alpha,47.7,96.4,119.85,0.78,NORMAL
2025-06-05 16:15:00,Facility-Beta,53.8,108.3,139.4,0.74,NORMAL
2025-06-05 16:30:00,Facility-Gamma,61.3,102.5,151.04,4.13,NORMAL
2025-06-05 16:45:00,Facility-Beta,49.9,96.4,129.07,0.39,NORMAL
2025-06-05 17:00:00,Facility-Beta,54.8,106.0,136.27,0.18,NORMAL
2025-06-05 17:15:00,Facility-Alpha,54.8,99.2,148.11,0.21,NORMAL
2025-06-05 17:30:00,Facility-Gamma,51.5,102.8,132.09,1.03,NORMAL
2025-06-05 17:45:00,Facility-Beta,61.1,94.1,142.8,0.69,NORMAL
2025-06-05 18:00:00,Facility-Alpha,58.0,108.5,149.12,1.96,NORMAL
2025-06-05 18:15:00,Facility-Alpha,60.4,101.1,154.64,0.55,NORMAL
2025-06-05 18:30:00,Facility-Alpha,61.3,99.6,158.23,0.19,NORMAL
2025-06-05 18:45:00,Facility-Alpha,55.2,103.3,128.69,0.68,NORMAL
2025-06-05 19:00:00,Facility-Beta,64.4,106.4,162.32,3.0,NORMAL
2025-06-05 19:15:00,Facility-Beta,47.7,101.6,135.28,0.73,NORMAL
2025-06-05 19:30:00,Facility-Beta,54.1,106.2,136.88,2.51,NORMAL
2025-06-05 19:45:00,Facility-Gamma,55.9,102.3,140.38,0.65,NORMAL
2025-06-05 20:00:00,Facility-Gamma,44.6,102.8,116.66,0.46,NORMAL
2025-06-05 20:15:00,Facility-Alpha,63.5,98.8,151.02,2.09,NORMAL
2025-06-05 20:30:00,Facility-Beta,49.8,107.2,127.19,0.33,NORMAL
2025-06-05 20:45:00,Facility-Alpha,55.4,105.4,146.55,0.37,NORMAL
2025-06-05 21:00:00,Facility-Beta,59.5,104.9,148.53,0.07,NORMAL
2025-06-05 21:15:00,Facility-Gamma,68.9,107.2,151.88,0.29,WARNING
2025-06-05 21:30:00,Facility-Alpha,45.0,97.7,117.07,0.67,NORMAL
2025-06-05 21:45:00,Facility-Beta,58.6,102.7,143.11,0.71,NORMAL
2025-06-05 22:00:00,Facility-Beta,53.3,107.4,143.18,0.76,NORMAL
2025-06-05 22:15:00,Facility-Beta,58.9,102.2,146.56,0.91,NORMAL
2025-06-05 22:30:00,Facility-Alpha,60.6,103.1,149.85,1.19,NORMAL
2025-06-05 22:45:00,Facility-Gamma,57.5,102.9,147.87,0.29,NORMAL
2025-06-05 23:00:00,Facility-Beta,55.5,104.5,146.99,1.33,NORMAL
2025-06-05 23:15:00,Facility-Alpha,48.7,93.7,126.48,0.57,NORMAL
2025-06-05 23:30:00,Facility-Beta,49.1,102.9,126.27,1.85,NORMAL
2025-06-05 23:45:00,Facility-Alpha,59.8,104.2,141.79,1.14,NORMAL
2025-06-06 00:00:00,Facility-Gamma,49.8,104.2,138.57,1.13,NORMAL
2025-06-06 00:15:00,Facility-Beta,57.6,109.6,164.47,1.62,NORMAL
2025-06-06 00:30:00,Facility-Alpha,62.8,99.8,153.58,0.57,NORMAL
2025-06-06 00:45:00,Facility-Beta,47.2,109.8,130.46,0.79,NORMAL
2025-06-06 01:00:00,Facility-Alpha,62.8,100.8,160.88,1.22,NORMAL
2025-06-06 01:15:00,Facility-Gamma,62.6,96.3,142.64,0.77,NORMAL
2025-06-06 01:30:00,Facility-Gamma,57.1,109.2,151.23,0.82,NORMAL
2025-06-06 01:45:00,Facility-Alpha,51.3,107.1,137.06,0.45,NORMAL
2025-06-06 02:00:00,Facility-Gamma,58.2,103.0,142.11,0.47,NORMAL
2025-06-06 02:15:00,Facility-Beta,53.9,99.8,134.34,1.68,NORMAL
2025-06-06 02:30:00,Facility-Gamma,50.8,101.5,125.46,0.01,NORMAL
2025-06-06 02:45:00,Facility-Beta,55.8,103.5,147.47,0.14,NORMAL
2025-06-06 03:00:00,Facility-Gamma,49.7,108.6,127.7,4.16,NORMAL
2025-06-06 03:15:00,Facility-Gamma,47.9,96.5,126.88,0.29,NORMAL
2025-06-06 03:30:00,Facility-Beta,51.7,101.5,125.53,0.76,NORMAL
2025-06-06 03:45:00,Facility-Gamma,44.7,101.2,127.91,2.65,NORMAL
2025-06-06 04:00:00,Facility-Beta,62.2,100.2,151.02,0.0,NORMAL
2025-06-06 04:15:00,Facility-Beta,58.1,99.5,149.74,3.63,NORMAL
2025-06-06 04:30:00,Facility-Gamma,49.8,109.6,132.42,0.08,NORMAL
2025-06-06 04:45:00,Facility-Gamma,51.9,98.8,129.91,0.26,NORMAL
2025-06-06 05:00:00,Facility-Beta,59.6,103.0,141.78,0.04,NORMAL
2025-06-06 05:15:00,Facility-Alpha,62.6,97.1,156.79,1.03,NORMAL
2025-06-06 05:30:00,Facility-Gamma,55.6,106.3,140.78,4.01,NORMAL
2025-06-06 05:45:00,Facility-Gamma,53.5,100.2,137.86,2.56,NORMAL
2025-06-06 06:00:00,Facility-Alpha,45.2,92.5,114.82,1.43,NORMAL
2025-06-06 06:15:00,Facility-Alpha,53.1,106.8,138.21,0.29,NORMAL
2025-06-06 06:30:00,Facility-Gamma,48.2,99.9,127.75,2.85,NORMAL
2025-06-06 06:45:00,Facility-Gamma,48.0,108.3,120.94,1.97,NORMAL
2025-06-06 07:00:00,Facility-Gamma,62.4,107.3,151.83,0.43,NORMAL
2025-06-06 07:15:00,Facility-Alpha,54.3,101.9,146.38,2.29,NORMAL
2025-06-06 07:30:00,Facility-Gamma,55.8,104.2,138.03,2.94,NORMAL
2025-06-06 07:45:00,Facility-Alpha,57.4,102.8,148.95,1.68,NORMAL
2025-06-06 08:00:00,Facility-Alpha,53.9,96.1,137.09,0.15,NORMAL
2025-06-06 08:15:00,Facility-Beta,55.4,108.8,145.8,5.81,NORMAL
2025-06-06 08:30:00,Facility-Alpha,55.1,101.2,142.83,0.11,NORMAL
2025-06-06 08:45:00,Facility-Beta,52.4,102.5,135.42,1.49,NORMAL
2025-06-06 09:00:00,Facility-Alpha,56.6,102.6,140.07,0.16,NORMAL
2025-06-06 09:15:00,Facility-Alpha,54.5,101.4,134.94,3.3,NORMAL
2025-06-06 09:30:00,Facility-Beta,55.5,105.3,140.37,0.6,NORMAL
2025-06-06 09:45:00,Facility-Beta,55.0,102.0,146.05,1.0,NORMAL
2025-06-06 10:00:00,Facility-Beta,66.7,100.1,153.32,0.28,WARNING
2025-06-06 10:15:00,Facility-Beta,60.9,100.5,148.26,1.11,NORMAL
2025-06-06 10:30:00,Facility-Beta,59.7,109.9,143.85,3.91,NORMAL
2025-06-06 10:45:00,Facility-Beta,57.8,102.7,142.21,3.25,NORMAL
2025-06-06 11:00:00,Facility-Beta,57.6,109.7,146.94,0.09,NORMAL
2025-06-06 11:15:00,Facility-Alpha,53.3,98.1,142.15,0.67,NORMAL
2025-06-06 11:30:00,Facility-Alpha,61.7,99.5,158.38,0.44,NORMAL
2025-06-06 11:45:00,Facility-Beta,57.0,100.2,133.69,0.92,NORMAL
2025-06-06 12:00:00,Facility-Gamma,58.5,102.0,138.54,2.51,NORMAL
2025-06-06 12:15:00,Facility-Beta,53.2,99.2,134.61,1.88,NORMAL
2025-06-06 12:30:00,Facility-Gamma,49.8,101.8,134.17,0.59,NORMAL
2025-06-06 12:45:00,Facility-Alpha,61.8,103.3,144.55,0.68,NORMAL
2025-06-06 13:00:00,Facility-Alpha,55.8,106.9,141.35,1.49,NORMAL
2025-06-06 13:15:00,Facility-Gamma,52.1,96.4,137.52,0.3,NORMAL
2025-06-06 13:30:00,Facility-Alpha,57.1,106.6,151.21,0.15,NORMAL
2025-06-06 13:45:00,Facility-Beta,54.4,105.7,138.68,0.39,NORMAL
2025-06-06 14:00:00,Facility-Gamma,64.3,98.0,144.93,0.19,NORMAL
2025-06-06 14:15:00,Facility-Gamma,52.9,98.9,140.03,0.61,NORMAL
2025-06-06 14:30:00,Facility-Alpha,57.7,104.0,140.86,3.88,NORMAL
2025-06-06 14:45:00,Facility-Gamma,61.5,99.6,153.23,0.18,NORMAL
2025-06-06 15:00:00,Facility-Gamma,58.9,108.6,144.96,2.39,NORMAL
2025-06-06 15:15:00,Facility-Gamma,58.3,102.4,146.4,1.07,NORMAL
2025-06-06 15:30:00,Facility-Alpha,52.0,97.0,133.95,1.4,NORMAL
2025-06-06 15:45:00,Facility-Gamma,55.7,97.4,145.64,0.26,NORMAL
2025-06-06 16:00:00,Facility-Gamma,57.8,95.7,135.28,0.23,NORMAL
2025-06-06 16:15:00,Facility-Beta,56.0,101.9,137.15,0.25,NORMAL
2025-06-06 16:30:00,Facility-Beta,63.9,102.1,163.93,1.54,NORMAL
2025-06-06 16:45:00,Facility-Gamma,54.0,104.7,140.24,1.93,NORMAL
2025-06-06 17:00:00,Facility-Alpha,55.2,108.1,138.3,3.54,NORMAL
2025-06-06 17:15:00,Facility-Gamma,70.5,102.5,171.51,0.71,WARNING
2025-06-06 17:30:00,Facility-Alpha,60.0,108.1,146.24,0.87,NORMAL
2025-06-06 17:45:00,Facility-Beta,49.2,99.1,129.18,0.89,NORMAL
2025-06-06 18:00:00,Facility-Beta,58.0,95.8,139.3,0.44,NORMAL
2025-06-06 18:15:00,Facility-Gamma,59.8,106.0,156.25,0.56,NORMAL
2025-06-06 18:30:00,Facility-Alpha,50.2,105.7,128.36,2.63,NORMAL
2025-06-06 18:45:00,Facility-Alpha,53.2,103.5,123.89,0.59,NORMAL
2025-06-06 19:00:00,Facility-Alpha,47.9,105.5,126.18,2.85,NORMAL
2025-06-06 19:15:00,Facility-Gamma,56.8,92.0,135.7,0.51,NORMAL
2025-06-06 19:30:00,Facility-Alpha,45.3,100.3,120.44,0.58,NORMAL
2025-06-06 19:45:00,Facility-Beta,50.3,107.4,136.28,1.15,NORMAL
2025-06-06 20:00:00,Facility-Alpha,46.7,101.2,118.63,0.15,NORMAL
2025-06-06 20:15:00,Facility-Alpha,57.0,105.3,140.83,3.57,NORMAL
2025-06-06 20:30:00,Facility-Gamma,53.0,114.1,141.01,2.4,NORMAL
2025-06-06 20:45:00,Facility-Gamma,57.4,107.0,142.82,1.55,NORMAL
2025-06-06 21:00:00,Facility-Gamma,44.0,100.8,119.85,6.21,NORMAL
2025-06-06 21:15:00,Facility-Gamma,50.3,94.5,131.03,0.02,NORMAL
2025-06-06 21:30:00,Facility-Gamma,59.7,105.6,149.77,0.74,NORMAL
2025-06-06 21:45:00,Facility-Alpha,48.1,93.3,129.4,2.74,NORMAL
2025-06-06 22:00:00,Facility-Alpha,61.1,98.8,144.76,0.79,NORMAL
2025-06-06 22:15:00,Facility-Gamma,54.1,99.1,134.13,0.01,NORMAL
2025-06-06 22:30:00,Facility-Gamma,50.0,101.9,138.23,0.24,NORMAL
2025-06-06 22:45:00,Facility-Alpha,50.4,103.6,128.49,0.8,NORMAL
2025-06-06 23:00:00,Facility-Gamma,56.3,98.5,152.99,1.54,NORMAL
2025-06-06 23:15:00,Facility-Beta,68.2,107.1,170.43,0.25,WARNING
2025-06-06 23:30:00,Facility-Alpha,71.3,108.8,167.75,0.83,WARNING
2025-06-06 23:45:00,Facility-Beta,47.0,101.3,128.05,0.02,NORMAL
2025-06-07 00:00:00,Facility-Alpha,59.0,107.2,150.56,0.91,NORMAL
2025-06-07 00:15:00,Facility-Alpha,65.0,99.3,149.45,3.17,NORMAL
2025-06-07 00:30:00,Facility-Alpha,47.5,97.7,132.3,1.27,NORMAL
2025-06-07 00:45:00,Facility-Alpha,51.3,107.3,139.37,0.81,NORMAL
2025-06-07 01:00:00,Facility-Alpha,56.7,103.6,150.88,0.25,NORMAL
2025-06-07 01:15:00,Facility-Alpha,55.2,104.2,146.27,0.32,NORMAL
2025-06-07 01:30:00,Facility-Alpha,46.7,110.7,130.08,0.11,NORMAL
2025-06-07 01:45:00,Facility-Gamma,59.5,105.4,154.66,1.9,NORMAL
2025-06-07 02:00:00,Facility-Gamma,57.6,113.2,142.28,0.11,NORMAL
2025-06-07 02:15:00,Facility-Gamma,60.6,102.8,160.12,0.68,NORMAL
2025-06-07 02:30:00,Facility-Beta,58.2,109.2,152.17,1.94,NORMAL
2025-06-07 02:45:00,Facility-Alpha,58.2,102.2,135.87,1.75,NORMAL
2025-06-07 03:00:00,Facility-Gamma,55.2,97.2,130.77,1.21,NORMAL
2025-06-07 03:15:00,Facility-Gamma,62.3,106.1,156.02,1.19,NORMAL
2025-06-07 03:30:00,Facility-Gamma,47.0,102.2,121.03,0.13,NORMAL
2025-06-07 03:45:00,Facility-Alpha,48.4,111.7,134.4,0.27,NORMAL
2025-06-07 04:00:00,Facility-Alpha,61.6,104.9,147.91,1.07,NORMAL
2025-06-07 04:15:00,Facility-Beta,53.3,106.7,132.26,0.6,NORMAL
2025-06-07 04:30:00,Facility-Beta,49.6,95.3,124.7,0.03,NORMAL
2025-06-07 04:45:00,Facility-Alpha,60.1,105.7,166.8,2.24,NORMAL
2025-06-07 05:00:00,Facility-Beta,59.1,102.1,141.75,1.49,NORMAL
2025-06-07 05:15:00,Facility-Gamma,43.1,98.9,123.42,0.55,NORMAL
2025-06-07 05:30:00,Facility-Beta,59.1,108.7,146.07,0.14,NORMAL
2025-06-07 05:45:00,Facility-Gamma,51.2,96.6,130.36,1.25,NORMAL
