Transaction_Date,Region,Customer_Segment,Product_Plan,Sales_Amount,Marketing_Spend,Discount_Pct,Units_Sold,Customer_Rating,Payment_Status
2025-01-01,North America,SMB,Professional,5448.92,1545.24,1.7,30,,Completed
2025-01-01,Latin America,Enterprise,Starter,10563.23,802.48,6.5,95,3.0,Completed
2025-01-01,Europe,Enterprise,Professional,13399.61,1041.85,13.5,72,4.0,Completed
2025-01-01,Europe,Mid-Market,Professional,6783.81,1078.87,4.6,62,3.0,Failed
2025-01-02,North America,Mid-Market,Enterprise Plus,5094.3,799.1,12.1,57,4.5,Completed
2025-01-02,North America,SMB,Enterprise Plus,5372.09,1547.85,7.6,40,,Completed
2025-01-02,North America,SMB,Professional,3369.62,984.37,10.6,29,4.5,Completed
2025-01-03,Asia Pacific,Mid-Market,Professional,7925.42,1255.85,14.0,35,4.0,Completed
2025-01-03,Europe,Mid-Market,AI Addon,6946.58,1083.18,10.8,78,4.0,Completed
2025-01-03,Europe,Startup,Professional,4488.26,1737.58,14.0,41,4.5,Completed
2025-01-04,North America,Mid-Market,Enterprise Plus,10674.29,1681.85,9.5,62,5.0,Completed
2025-01-04,Latin America,Mid-Market,Starter,7715.55,1209.84,4.1,48,,Completed
2025-01-04,Asia Pacific,Enterprise,Professional,22597.06,1775.99,3.0,258,4.0,Completed
2025-01-04,North America,SMB,Starter,8138.43,2357.06,11.4,101,,Completed
2025-01-05,North America,SMB,Professional,1799.68,436.26,3.3,8,3.0,Completed
2025-01-05,North America,Enterprise,AI Addon,13600.6,1054.27,0.6,71,4.0,Completed
2025-01-05,North America,Enterprise,Professional,11296.77,876.55,20.8,80,3.0,Completed
2025-01-06,Europe,SMB,Starter,3592.39,1010.29,21.2,23,4.0,Completed
2025-01-06,North America,SMB,Starter,1532.73,392.76,2.9,13,4.5,Completed
2025-01-06,North America,Mid-Market,Professional,2799.68,426.31,5.4,21,5.0,Completed
2025-01-07,Europe,Startup,Starter,709.93,267.61,3.8,4,4.5,Completed
2025-01-07,North America,Enterprise,Starter,14314.23,1100.47,10.8,63,4.0,Completed
2025-01-07,North America,Mid-Market,Enterprise Plus,6944.49,1085.9,3.9,63,4.0,Completed
2025-01-07,North America,Startup,Professional,6590.0,2506.26,4.7,30,4.5,Completed
2025-01-08,Europe,Mid-Market,Professional,9460.04,1493.55,12.7,94,4.0,Completed
2025-01-08,Asia Pacific,SMB,AI Addon,1574.26,423.42,1.9,14,4.5,Completed
2025-01-08,North America,Mid-Market,Starter,11083.49,1755.9,9.0,129,4.5,Completed
2025-01-09,Europe,Mid-Market,AI Addon,36064.83,5797.33,1.9,347,4.5,Completed
2025-01-09,Europe,Startup,Professional,1492.73,437.13,3.4,7,4.0,Completed
2025-01-09,North America,Mid-Market,Enterprise Plus,17753.43,2841.58,1.5,113,5.0,Completed
2025-01-10,Europe,SMB,Enterprise Plus,4763.33,1370.71,6.4,52,4.0,Completed
2025-01-10,North America,Enterprise,Enterprise Plus,14692.6,1142.67,9.0,61,4.0,Pending
2025-01-10,North America,Enterprise,AI Addon,13812.06,1062.23,0.4,61,4.5,Completed
2025-01-10,Latin America,Enterprise,Professional,20868.02,1624.59,6.4,101,4.0,Completed
2025-01-11,Latin America,SMB,AI Addon,3994.03,1147.23,1.5,17,5.0,Completed
2025-01-11,Asia Pacific,Mid-Market,Professional,5203.42,787.91,22.7,45,4.0,Completed
2025-01-11,North America,SMB,Professional,3928.54,1080.93,14.1,18,4.0,Completed
2025-01-12,North America,Mid-Market,Professional,10488.06,1645.39,7.8,54,5.0,Completed
2025-01-12,Europe,Startup,Professional,5080.26,1892.91,14.6,23,4.0,Completed
2025-01-12,North America,Enterprise,Starter,38268.02,2972.26,5.2,178,4.0,Completed
2025-01-13,North America,SMB,Professional,5353.0,1464.52,12.3,39,4.0,Completed
2025-01-13,Europe,SMB,Professional,8369.89,2418.94,2.9,40,4.0,Completed
2025-01-13,North America,SMB,Enterprise Plus,4675.13,1277.57,6.5,38,4.5,Completed
2025-01-13,Asia Pacific,SMB,Enterprise Plus,4853.52,1358.81,3.0,36,3.0,Completed
2025-01-14,North America,SMB,Professional,4752.53,1326.02,27.2,49,5.0,Completed
2025-01-14,Europe,SMB,Professional,23939.55,1543.81,0.4,101,4.5,Completed
2025-01-14,North America,Enterprise,Professional,26263.32,2042.2,1.0,203,3.0,Completed
2025-01-15,Europe,Enterprise,Starter,14504.8,1125.04,3.4,87,4.5,Completed
2025-01-15,Europe,Startup,Starter,2563.85,899.16,13.7,18,4.0,Completed
2025-01-15,North America,SMB,Professional,7493.14,2114.85,5.9,31,3.0,Completed
2025-01-16,Latin America,SMB,Professional,7015.5,2047.95,4.1,52,4.0,Pending
2025-01-16,Asia Pacific,Mid-Market,AI Addon,16375.58,2587.7,11.8,78,4.0,Completed
2025-01-16,Latin America,Enterprise,Professional,13642.63,1043.92,25.5,61,4.5,Pending
2025-01-16,Asia Pacific,Enterprise,Professional,16260.93,1256.44,4.6,106,4.0,Completed
2025-01-17,Europe,SMB,Professional,7596.99,2150.26,11.3,53,4.0,Completed
2025-01-17,Asia Pacific,Mid-Market,Starter,7231.21,1118.92,12.2,35,4.5,Pending
2025-01-17,North America,Enterprise,Professional,24013.47,1857.45,3.6,103,4.5,Completed
2025-01-18,North America,Mid-Market,Enterprise Plus,8194.99,1280.13,1.5,40,4.0,Completed
2025-01-18,North America,Enterprise,Professional,20868.82,1620.69,3.7,176,4.5,Completed
2025-01-18,North America,Mid-Market,Professional,4998.76,780.16,9.9,22,4.0,Completed
2025-01-19,North America,Mid-Market,AI Addon,9382.35,1455.95,7.4,65,5.0,Completed
2025-01-19,North America,SMB,Enterprise Plus,949.02,218.57,5.6,6,4.0,Completed
2025-01-19,Asia Pacific,Mid-Market,Enterprise Plus,14839.14,2336.04,3.1,68,4.5,Completed
2025-01-19,North America,Mid-Market,Professional,12503.38,1966.67,3.6,112,4.0,Completed
2025-01-20,North America,Enterprise,Enterprise Plus,11350.94,870.68,9.2,54,3.0,Completed
2025-01-20,Europe,Enterprise,Professional,37069.57,2865.19,6.4,205,4.0,Completed
2025-01-20,North America,Mid-Market,Professional,14441.0,2272.46,5.8,63,4.0,Completed
2025-01-21,Asia Pacific,Mid-Market,Starter,5107.34,798.46,8.4,47,4.5,Pending
2025-01-21,North America,SMB,Professional,3975.34,1084.4,8.2,27,4.0,Completed
2025-01-21,Latin America,Mid-Market,Professional,5341.74,820.84,1.1,25,4.5,Completed
2025-01-22,Asia Pacific,SMB,Professional,5829.19,1641.1,4.0,71,4.5,Completed
2025-01-22,North America,SMB,AI Addon,3970.65,1061.95,12.5,41,4.5,Completed
2025-01-22,North America,SMB,AI Addon,1880.77,490.42,6.3,8,3.0,Completed
2025-01-22,Asia Pacific,Enterprise,Enterprise Plus,17672.39,1355.99,14.1,139,,Completed
2025-01-23,Europe,Mid-Market,Professional,13179.8,2077.58,3.0,54,4.5,Completed
2025-01-23,Europe,Enterprise,Enterprise Plus,19105.22,1469.66,14.8,173,4.5,Refunded
2025-01-23,Asia Pacific,Enterprise,Starter,23207.14,1782.58,4.4,165,4.0,Completed
2025-01-24,North America,Startup,Enterprise Plus,4026.86,1533.53,10.8,20,4.0,Completed
2025-01-24,North America,Enterprise,Starter,25092.33,1930.39,11.1,131,3.0,Completed
2025-01-24,North America,Mid-Market,Enterprise Plus,10263.24,1595.57,6.7,58,4.0,Completed
2025-01-25,Asia Pacific,SMB,Professional,4748.76,1321.97,0.3,28,3.0,Completed
2025-01-25,Europe,SMB,Enterprise Plus,5309.25,1461.39,19.7,24,4.0,Pending
2025-01-25,North America,Mid-Market,AI Addon,16818.93,2630.62,11.3,141,4.0,Completed
2025-01-25,North America,Enterprise,Starter,23903.34,1827.59,7.8,154,4.0,Completed
2025-01-26,North America,Mid-Market,Professional,5606.34,869.26,9.8,53,4.0,Completed
2025-01-26,North America,Mid-Market,AI Addon,9369.49,1450.82,1.3,52,5.0,Completed
2025-01-26,Europe,Enterprise,Professional,21233.18,1627.93,3.6,174,3.0,Completed
2025-01-27,Europe,Mid-Market,Enterprise Plus,8336.84,1301.77,14.2,61,4.5,Completed
2025-01-27,Asia Pacific,Enterprise,Professional,6633.01,491.86,18.5,42,3.0,Completed
2025-01-27,Europe,Enterprise,Professional,12190.46,913.16,3.0,145,2.0,Pending
2025-01-28,North America,Mid-Market,Professional,7460.38,1148.7,8.6,79,3.0,Completed
2025-01-28,Europe,Enterprise,Professional,39228.64,3014.3,7.3,200,4.5,Completed
2025-01-28,Asia Pacific,Mid-Market,Enterprise Plus,11207.71,1739.2,12.7,74,4.0,Completed
2025-01-28,Europe,SMB,Professional,2274.3,617.59,5.4,11,5.0,Completed
2025-01-29,Asia Pacific,SMB,Professional,4680.84,1340.19,11.7,24,4.0,Completed
2025-01-29,Europe,Enterprise,Professional,31829.66,2446.97,13.5,392,1.0,Completed
2025-01-29,Europe,Enterprise,Professional,13751.52,1054.82,5.3,75,4.5,Completed
2025-01-30,North America,Enterprise,Enterprise Plus,28666.05,2186.53,10.8,299,3.0,Completed
2025-01-30,North America,SMB,AI Addon,2361.7,628.15,3.2,12,4.5,Completed
2025-01-30,North America,SMB,Professional,1035.96,249.82,14.7,5,3.0,Completed
2025-01-31,North America,Enterprise,Enterprise Plus,30496.04,2330.82,1.5,180,4.0,Completed
2025-01-31,Europe,Startup,Enterprise Plus,3017.83,1120.78,14.5,16,4.5,Completed
2025-01-31,North America,Enterprise,Professional,6681.09,504.24,14.8,56,,Completed
2025-01-31,Europe,Mid-Market,AI Addon,7584.75,1163.0,10.2,50,4.0,Pending
2025-02-01,Asia Pacific,SMB,Professional,5568.9,1527.07,8.1,25,4.5,Completed
2025-02-01,North America,SMB,Starter,6167.82,1711.77,4.3,57,3.0,Completed
2025-02-01,North America,SMB,Enterprise Plus,1353.63,327.31,12.7,11,4.5,Completed
2025-02-02,Asia Pacific,SMB,Professional,3724.02,1015.27,0.8,24,4.5,Completed
2025-02-02,North America,Mid-Market,Enterprise Plus,9372.81,1438.58,4.9,47,3.0,Completed
2025-02-02,North America,SMB,Enterprise Plus,6144.5,1710.03,10.1,43,4.0,Completed
2025-02-03,North America,Enterprise,Starter,11355.48,864.17,5.2,48,3.0,Completed
2025-02-03,North America,SMB,Enterprise Plus,4610.15,1270.32,4.8,48,4.0,Completed
2025-02-03,Asia Pacific,Mid-Market,Professional,6814.07,1053.25,6.7,48,3.0,Completed
2025-02-03,Asia Pacific,SMB,Professional,5587.49,1550.39,7.3,28,4.0,Completed
2025-02-04,Europe,Mid-Market,Enterprise Plus,14759.39,2293.52,1.2,125,,Completed
2025-02-04,Asia Pacific,SMB,AI Addon,4546.74,1193.19,6.3,24,1.0,Completed
2025-02-04,Asia Pacific,Mid-Market,Starter,4565.09,685.93,9.9,43,4.0,Completed
2025-02-05,North America,SMB,Professional,3523.13,988.72,11.5,40,4.0,Completed
2025-02-05,Asia Pacific,Enterprise,Enterprise Plus,37364.23,2852.23,14.3,372,5.0,Completed
2025-02-05,Europe,Enterprise,Enterprise Plus,12169.66,914.92,9.8,52,4.0,Completed
2025-02-06,Asia Pacific,Enterprise,Enterprise Plus,10199.39,756.5,0.3,59,4.0,Pending
2025-02-06,Asia Pacific,Enterprise,Starter,15270.45,1158.91,22.7,71,4.0,Completed
2025-02-06,North America,SMB,Professional,4737.23,1340.35,10.6,35,4.0,Completed
2025-02-06,North America,Enterprise,Professional,14416.48,1084.21,4.6,80,2.0,Completed
2025-02-07,North America,Startup,Enterprise Plus,1734.6,630.01,5.7,11,4.0,Pending
2025-02-07,North America,Mid-Market,Professional,10501.3,1618.93,9.0,44,2.0,Completed
2025-02-07,Asia Pacific,Enterprise,Professional,20441.75,1551.12,3.0,99,4.0,Completed
2025-02-08,Asia Pacific,SMB,AI Addon,6810.13,1898.63,2.5,34,4.0,Completed
2025-02-08,North America,SMB,Starter,5606.19,1535.26,6.3,64,4.0,Completed
2025-02-08,Europe,Mid-Market,AI Addon,17698.45,2746.21,23.4,103,3.0,Completed
2025-02-09,North America,Mid-Market,Enterprise Plus,12740.44,1964.84,12.9,80,5.0,Completed
2025-02-09,North America,SMB,Enterprise Plus,6442.61,1789.87,2.8,28,5.0,Completed
2025-02-09,North America,Enterprise,Professional,30714.12,2331.06,0.1,249,3.0,Completed
2025-02-09,North America,Startup,Starter,4116.0,1492.95,2.4,33,4.0,Completed
2025-02-10,Latin America,Startup,Enterprise Plus,3594.35,1282.98,9.7,24,4.0,Completed
2025-02-10,North America,SMB,Enterprise Plus,5892.45,1610.67,5.5,49,3.0,Pending
2025-02-10,Europe,Enterprise,Enterprise Plus,6493.38,478.02,13.7,64,4.0,Completed
2025-02-11,Europe,SMB,Starter,5460.66,1495.13,3.3,25,4.0,Completed
2025-02-11,North America,Enterprise,Enterprise Plus,17632.68,1339.67,6.5,101,5.0,Completed
2025-02-11,Latin America,Enterprise,Enterprise Plus,22360.39,1689.93,14.1,99,5.0,Completed
2025-02-12,Latin America,Mid-Market,Enterprise Plus,14276.09,2189.45,3.0,65,4.0,Completed
2025-02-12,North America,Mid-Market,Enterprise Plus,11887.29,1813.25,3.9,93,4.0,Completed
2025-02-12,Europe,SMB,Enterprise Plus,3608.89,990.03,6.9,21,5.0,Completed
2025-02-12,North America,SMB,Enterprise Plus,7255.64,2030.88,9.6,78,5.0,Completed
2025-02-13,North America,SMB,Starter,9831.69,2764.15,6.6,42,,Completed
2025-02-13,North America,Mid-Market,Professional,14462.88,2214.77,1.2,98,3.0,Completed
2025-02-13,Europe,Mid-Market,Starter,4894.25,718.05,3.3,34,3.0,Completed
2025-02-14,Europe,Mid-Market,Professional,11760.87,1804.68,6.0,90,4.5,Completed
2025-02-14,North America,Startup,Professional,2307.29,773.99,5.3,15,4.0,Completed
2025-02-14,North America,Enterprise,Starter,16307.9,1224.41,15.1,133,1.0,Completed
2025-02-15,Asia Pacific,SMB,Professional,6038.05,1667.52,18.4,43,2.0,Completed
2025-02-15,North America,Mid-Market,Starter,10276.24,1569.38,16.8,48,5.0,Completed
2025-02-15,North America,Mid-Market,Enterprise Plus,14383.91,2195.55,2.7,65,5.0,Completed
2025-02-15,Europe,SMB,AI Addon,9949.28,2770.2,15.4,76,4.0,Completed
2025-02-16,Latin America,Mid-Market,Starter,11601.73,1743.08,7.2,73,5.0,Completed
2025-02-16,North America,SMB,AI Addon,4277.8,1180.55,4.2,19,4.0,Completed
2025-02-16,Europe,Startup,Professional,1536.01,491.36,7.4,18,4.5,Completed
2025-02-17,Asia Pacific,Mid-Market,Professional,15875.88,2439.93,7.7,69,4.0,Completed
2025-02-17,North America,Mid-Market,Starter,8784.32,1342.96,18.3,75,3.0,Completed
2025-02-17,Europe,Mid-Market,Professional,9067.02,1375.79,12.2,47,4.0,Completed
2025-02-18,North America,Startup,Enterprise Plus,3974.71,1426.95,0.3,23,4.0,Completed
2025-02-18,Europe,Enterprise,Enterprise Plus,22953.89,1707.17,19.3,132,4.0,Completed
2025-02-18,Europe,SMB,Starter,6272.05,1729.81,1.5,28,3.0,Completed
2025-02-18,Europe,SMB,Starter,4451.57,1233.61,5.9,46,,Completed
2025-02-19,North America,SMB,Professional,4928.2,1336.76,5.4,36,4.0,Pending
2025-02-19,Asia Pacific,Enterprise,Professional,13828.62,1044.54,7.3,81,3.0,Completed
2025-02-19,North America,SMB,Professional,3678.9,989.66,8.2,17,4.0,Completed
2025-02-20,North America,Startup,Professional,2810.52,987.32,2.3,25,4.0,Completed
2025-02-20,North America,Enterprise,Enterprise Plus,17836.1,1329.5,20.3,83,4.0,Completed
2025-02-20,Europe,Enterprise,AI Addon,12118.68,895.6,4.1,82,4.5,Completed
2025-02-21,Europe,Startup,Professional,780.64,234.76,7.1,7,4.0,Completed
2025-02-21,North America,Enterprise,AI Addon,15676.72,1170.87,2.4,75,4.0,Completed
2025-02-21,Europe,SMB,Professional,2754.89,741.43,0.9,29,4.5,Completed
2025-02-21,North America,Mid-Market,Professional,9635.52,1472.11,0.6,58,1.0,Completed
2025-02-22,Europe,Enterprise,Professional,14027.98,1042.58,14.8,155,4.0,Completed
2025-02-22,North America,SMB,Enterprise Plus,6160.75,1716.73,7.4,44,5.0,Completed
2025-02-22,Europe,Mid-Market,AI Addon,5200.34,777.23,5.8,29,1.0,Completed
2025-02-23,North America,Mid-Market,Enterprise Plus,3643.91,543.92,3.0,21,4.0,Completed
2025-02-23,Latin America,Mid-Market,Professional,8915.96,1338.31,2.6,60,5.0,Completed
2025-02-23,North America,Mid-Market,Enterprise Plus,7780.85,1147.36,3.0,51,4.0,Completed
2025-02-24,North America,Enterprise,Starter,9486.74,708.13,2.6,81,4.0,Completed
2025-02-24,North America,Mid-Market,Enterprise Plus,12798.74,1965.55,4.1,82,,Completed
2025-02-24,Asia Pacific,Startup,Professional,2434.46,845.76,3.4,11,3.0,Completed
2025-02-24,Asia Pacific,Mid-Market,Professional,6474.55,966.79,19.5,29,2.0,Completed
2025-02-25,North America,SMB,Professional,7765.35,2131.97,6.9,75,5.0,Completed
2025-02-25,Europe,Mid-Market,Enterprise Plus,11600.37,1761.46,5.8,137,5.0,Completed
2025-02-25,Asia Pacific,SMB,Starter,3016.46,799.63,2.8,13,4.0,Pending
2025-02-26,Europe,Enterprise,Enterprise Plus,16125.97,1196.38,16.1,96,4.0,Completed
2025-02-26,Europe,Startup,Professional,2300.29,758.81,3.2,14,4.5,Completed
2025-02-26,North America,Mid-Market,Enterprise Plus,60526.755,2062.72,3.8,285,4.5,Completed
2025-02-27,North America,Enterprise,Enterprise Plus,27592.81,2062.1,0.7,207,4.0,Completed
2025-02-27,Asia Pacific,Enterprise,Enterprise Plus,39484.12,2951.98,4.9,244,1.0,Completed
2025-02-27,Asia Pacific,Enterprise,Professional,46168.86,3460.37,1.5,189,4.0,Completed
2025-02-27,Europe,Mid-Market,Professional,7083.79,1036.66,5.6,37,5.0,Completed
2025-02-28,North America,Mid-Market,Starter,12610.12,1914.55,12.1,119,5.0,Completed
2025-02-28,North America,SMB,Enterprise Plus,1971.75,499.86,4.5,20,,Completed
2025-02-28,Europe,Mid-Market,Professional,10165.54,1523.47,4.3,89,5.0,Completed
2025-03-01,Asia Pacific,Enterprise,Professional,22726.44,1694.22,2.4,109,4.0,Completed
2025-03-01,Asia Pacific,SMB,Professional,3141.02,869.08,18.7,25,4.0,Completed
2025-03-01,Asia Pacific,SMB,Starter,3740.24,1005.49,17.3,45,4.5,Completed
2025-03-02,Europe,Enterprise,Enterprise Plus,27863.8,2068.35,11.7,116,4.5,Refunded
2025-03-02,North America,Enterprise,Starter,23025.67,1713.26,10.4,212,4.0,Completed
2025-03-02,North America,Enterprise,Enterprise Plus,37254.44,2782.28,2.4,457,3.0,Completed
2025-03-02,Asia Pacific,SMB,Professional,9660.33,2637.38,10.3,81,5.0,Completed
2025-03-03,Europe,SMB,Starter,2229.18,577.44,7.9,19,4.0,Completed
2025-03-03,North America,Mid-Market,Professional,7254.68,1086.88,11.2,48,4.0,Completed
2025-03-03,North America,SMB,Starter,3146.06,823.75,0.5,14,4.0,Failed
2025-03-04,Europe,SMB,Professional,7211.13,1950.53,3.9,32,4.5,Completed
2025-03-04,North America,Mid-Market,Enterprise Plus,10792.59,1592.06,1.7,69,3.0,Pending
2025-03-04,North America,SMB,Starter,3304.9,852.42,4.1,23,4.5,Completed
2025-03-05,Europe,Enterprise,Enterprise Plus,12591.72,919.77,5.1,73,4.0,Completed
2025-03-05,Europe,Enterprise,Starter,31940.07,2376.04,7.6,264,3.0,Completed
2025-03-05,Europe,Mid-Market,Professional,7615.43,1146.25,10.0,86,4.0,Completed
2025-03-05,North America,Enterprise,Enterprise Plus,6290.94,454.76,15.9,27,4.5,Pending
2025-03-06,Europe,Mid-Market,Professional,5538.14,814.36,3.5,50,,Completed
2025-03-06,North America,Startup,Starter,8254.94,3040.01,12.5,73,4.5,Completed
2025-03-06,North America,Enterprise,Professional,29111.9,2159.65,8.1,182,5.0,Completed
2025-03-07,Europe,Enterprise,Professional,10066.23,734.04,0.6,62,3.0,Completed
2025-03-07,Europe,Mid-Market,Enterprise Plus,10208.01,1523.15,6.6,123,2.0,Failed
2025-03-07,Asia Pacific,Startup,Professional,5870.5,2100.05,16.8,56,4.0,Completed
2025-03-08,Europe,Mid-Market,Enterprise Plus,3980.43,573.15,14.9,28,4.0,Completed
2025-03-08,Europe,Mid-Market,Enterprise Plus,14613.37,2204.33,5.4,75,4.5,Completed
2025-03-08,North America,Enterprise,Professional,23045.25,1705.92,7.0,194,4.5,Completed
2025-03-08,North America,Enterprise,AI Addon,13209.46,976.59,11.7,87,,Completed
2025-03-09,North America,Startup,Professional,5251.57,1828.47,11.6,31,4.0,Completed
2025-03-09,North America,Startup,AI Addon,4503.72,1602.25,8.3,20,4.0,Completed
2025-03-09,Latin America,Enterprise,Starter,22369.41,1652.01,4.6,166,4.0,Completed
2025-03-10,North America,Startup,Enterprise Plus,4151.07,1498.18,14.2,41,4.0,Refunded
2025-03-10,Asia Pacific,SMB,Professional,3671.09,903.11,4.1,23,4.0,Completed
2025-03-10,Europe,SMB,Professional,3653.03,987.3,12.5,18,4.0,Completed
2025-03-11,Asia Pacific,Mid-Market,Enterprise Plus,8390.71,1251.29,1.9,86,4.0,Refunded
2025-03-11,Europe,Mid-Market,Enterprise Plus,9635.76,1430.03,12.0,64,4.0,Completed
2025-03-11,Europe,Mid-Market,Starter,12592.92,1877.03,1.6,152,1.0,Refunded
2025-03-11,Europe,SMB,Starter,11301.85,3072.51,12.7,132,4.0,Failed
2025-03-12,North America,Enterprise,Enterprise Plus,21280.35,1555.41,15.5,132,4.0,Completed
2025-03-12,Europe,Enterprise,Enterprise Plus,25311.92,1862.16,7.1,194,1.0,Completed
2025-03-12,North America,Mid-Market,AI Addon,13628.74,2052.43,11.1,61,4.0,Completed
2025-03-13,North America,SMB,Enterprise Plus,7081.18,1921.28,14.0,39,4.0,Completed
2025-03-13,Europe,Enterprise,AI Addon,12165.73,886.19,15.7,78,4.0,Completed
2025-03-13,North America,SMB,Enterprise Plus,9261.01,2474.96,3.4,63,3.0,Completed
2025-03-14,Latin America,Startup,Professional,6299.47,2303.55,5.3,39,4.0,Completed
2025-03-14,Latin America,Enterprise,Starter,20374.35,1488.85,17.9,235,4.5,Completed
2025-03-14,Asia Pacific,SMB,Enterprise Plus,3496.84,912.51,7.6,16,4.0,Completed
2025-03-14,North America,Mid-Market,Enterprise Plus,9631.22,1419.55,10.5,39,4.5,Completed
2025-03-15,North America,SMB,Starter,2395.51,612.28,4.3,22,4.0,Completed
2025-03-15,Asia Pacific,Enterprise,Professional,35474.29,2617.83,7.4,354,4.0,Completed
2025-03-15,North America,SMB,AI Addon,3973.9,1031.31,18.2,39,4.5,Completed
2025-03-16,Latin America,SMB,Professional,4652.27,1221.5,6.7,25,4.0,Completed
2025-03-16,Latin America,Startup,Professional,7128.64,2535.22,7.0,38,4.5,Completed
2025-03-16,Asia Pacific,SMB,Professional,8853.41,2401.34,6.0,40,4.0,Completed
2025-03-17,North America,Mid-Market,Professional,10929.52,1630.69,11.4,53,4.0,Completed
2025-03-17,North America,SMB,Professional,10142.08,2791.69,8.7,65,4.5,Completed
2025-03-17,Asia Pacific,SMB,Professional,3411.86,872.29,5.0,19,3.0,Completed
2025-03-17,North America,Mid-Market,Starter,11022.72,1631.07,1.5,56,4.0,Completed
2025-03-18,North America,Enterprise,Enterprise Plus,11976.42,875.88,6.9,72,3.0,Completed
2025-03-18,Europe,Startup,Professional,6225.5,2241.46,12.4,39,4.0,Completed
2025-03-18,Latin America,SMB,Enterprise Plus,8130.61,2206.65,6.5,43,4.0,Completed
2025-03-19,Europe,SMB,Enterprise Plus,10482.29,2879.66,10.6,60,4.0,Completed
2025-03-19,Europe,Enterprise,Professional,19099.29,1399.8,6.8,101,4.5,Completed
2025-03-19,North America,SMB,Enterprise Plus,11795.52,3233.76,11.5,65,4.5,Completed
2025-03-20,Europe,Mid-Market,Professional,5733.53,839.96,14.7,29,4.0,Pending
2025-03-20,Latin America,SMB,Enterprise Plus,5077.75,1365.36,0.8,27,,Completed
2025-03-20,North America,Enterprise,Professional,11666.21,855.01,6.2,70,4.0,Completed
2025-03-20,Europe,SMB,Enterprise Plus,5900.53,1530.99,4.9,31,4.0,Completed
2025-03-21,Asia Pacific,Startup,Enterprise Plus,2721.21,892.03,7.4,18,4.5,Completed
2025-03-21,Europe,Enterprise,Professional,30599.76,2244.17,3.0,253,4.5,Completed
2025-03-21,Europe,Startup,Starter,4922.53,1731.07,8.5,62,4.5,Completed
2025-03-22,Europe,Mid-Market,Enterprise Plus,5576.9,804.78,4.3,32,3.0,Completed
2025-03-22,North America,SMB,Enterprise Plus,7590.02,2013.65,7.5,43,4.0,Completed
2025-03-22,North America,SMB,Professional,9931.91,2703.76,7.1,41,5.0,Completed
2025-03-23,Asia Pacific,Mid-Market,Enterprise Plus,12288.22,1805.97,2.4,87,4.0,Completed
2025-03-23,Asia Pacific,SMB,Professional,2651.62,688.29,5.0,19,4.5,Refunded
2025-03-23,Asia Pacific,SMB,Enterprise Plus,4828.19,1305.66,11.7,43,4.0,Completed
2025-03-23,Asia Pacific,Mid-Market,Starter,12955.45,1909.26,4.6,141,4.5,Completed
2025-03-24,Europe,Mid-Market,Enterprise Plus,8608.91,1248.54,9.6,41,4.0,Completed
2025-03-24,Europe,SMB,Professional,3436.29,834.62,7.4,29,4.0,Completed
2025-03-24,Asia Pacific,SMB,Professional,8664.66,2357.99,0.7,48,3.0,Completed
2025-03-25,Europe,SMB,Starter,4699.62,1223.67,1.1,24,4.5,Completed
2025-03-25,Europe,SMB,Starter,9991.19,2704.51,2.0,63,4.5,Completed
2025-03-25,Asia Pacific,Mid-Market,Professional,7521.12,1089.65,2.3,33,2.0,Completed
2025-03-26,Asia Pacific,SMB,Professional,4409.04,1190.48,24.4,29,4.5,Completed
2025-03-26,North America,Enterprise,Enterprise Plus,14404.43,1049.35,10.1,113,4.0,Completed
2025-03-26,North America,Mid-Market,Starter,8773.79,1295.38,6.2,38,3.0,Completed
2025-03-26,North America,Enterprise,Professional,23645.47,1718.41,6.4,105,4.0,Completed
2025-03-27,Europe,Mid-Market,Professional,5859.92,856.22,5.0,55,3.0,Completed
2025-03-27,North America,Mid-Market,Starter,5441.44,777.68,12.3,65,4.0,Completed
2025-03-27,Europe,Mid-Market,Starter,4062.75,566.48,3.9,43,4.0,Failed
2025-03-28,Europe,SMB,Professional,2176.16,529.54,6.2,17,4.5,Completed
2025-03-28,North America,Mid-Market,Professional,4953.5,692.48,11.1,21,4.5,Completed
2025-03-28,Europe,Mid-Market,Professional,7487.59,1086.1,6.4,43,4.0,Completed
2025-03-29,North America,Enterprise,Professional,20852.45,1518.38,1.8,146,1.0,Completed
2025-03-29,North America,Mid-Market,Professional,11508.89,1675.91,18.5,50,5.0,Completed
2025-03-29,Asia Pacific,Enterprise,Starter,20478.98,1486.67,7.7,131,4.5,Completed
2025-03-29,North America,Enterprise,Professional,35374.82,2566.54,11.6,265,2.0,Completed
2025-03-30,North America,SMB,AI Addon,11008.14,2928.15,10.4,46,4.5,Completed
2025-03-30,Europe,SMB,Professional,4711.72,1226.38,12.9,21,3.0,Completed
2025-03-30,Asia Pacific,SMB,Enterprise Plus,3231.53,863.33,2.4,15,4.0,Completed
2025-03-31,North America,Mid-Market,Professional,22376.5,3324.06,2.0,134,4.0,Refunded
2025-03-31,Europe,Mid-Market,Enterprise Plus,15852.42,2321.98,18.6,75,4.0,Completed
2025-03-31,North America,SMB,Enterprise Plus,8391.01,2245.96,9.8,76,5.0,Completed
2025-04-01,North America,Mid-Market,Professional,7343.48,1065.4,3.7,42,4.0,Completed
2025-04-01,Europe,Mid-Market,AI Addon,13903.13,2035.94,6.3,57,2.0,Completed
2025-04-01,Europe,Enterprise,Starter,20711.76,1492.07,15.2,160,5.0,Completed
2025-04-01,Europe,Mid-Market,Starter,9290.73,1352.61,6.3,44,5.0,Pending
2025-04-02,Europe,Mid-Market,Enterprise Plus,9246.92,1351.53,20.0,57,4.5,Completed
2025-04-02,Latin America,Mid-Market,Enterprise Plus,11940.05,1753.89,2.4,138,4.0,Completed
2025-04-02,Europe,Mid-Market,Starter,17739.49,2603.79,0.8,85,3.0,Completed
2025-04-03,North America,Mid-Market,Professional,23387.75,3448.29,11.9,216,4.5,Completed
2025-04-03,Asia Pacific,SMB,Starter,4404.92,1153.93,5.3,24,2.0,Completed
2025-04-03,North America,SMB,Professional,5892.7,1530.55,16.6,63,2.0,Failed
2025-04-04,North America,SMB,Enterprise Plus,5087.85,1336.91,2.1,22,4.0,Completed
2025-04-04,North America,SMB,Professional,6369.25,1701.98,14.1,50,3.0,Completed
2025-04-04,North America,Startup,Professional,3605.38,1260.71,8.6,31,1.0,Completed
2025-04-04,Latin America,Enterprise,Professional,43979.44,3189.59,1.0,432,4.0,Completed
2025-04-05,Asia Pacific,Enterprise,Starter,14022.38,1006.56,10.6,59,3.0,Completed
2025-04-05,Europe,Enterprise,Professional,16184.49,1154.69,3.6,81,3.0,Completed
2025-04-05,North America,SMB,Enterprise Plus,4072.76,1072.89,17.3,20,2.0,Completed
2025-04-06,North America,SMB,AI Addon,5012.12,1306.86,12.6,31,3.0,Completed
2025-04-06,North America,Enterprise,Enterprise Plus,10036.94,718.26,7.5,63,4.5,Completed
2025-04-06,North America,Startup,Starter,3161.32,1082.66,7.7,33,4.5,Completed
2025-04-07,Europe,Enterprise,Enterprise Plus,23422.77,1694.51,16.5,134,4.0,Completed
2025-04-07,Europe,Startup,Enterprise Plus,4836.83,1688.89,5.1,40,4.0,Completed
2025-04-07,Europe,Mid-Market,Enterprise Plus,10765.0,1570.15,0.5,44,2.0,Completed
2025-04-07,North America,Enterprise,Professional,34746.91,2502.62,8.6,162,2.0,Completed
2025-04-08,Latin America,Mid-Market,Professional,11845.59,1724.64,10.0,79,4.0,Completed
2025-04-08,Europe,Mid-Market,Professional,16736.25,2466.24,3.7,159,4.0,Completed
2025-04-08,Europe,Mid-Market,Starter,23555.8,3449.46,5.7,111,4.5,Completed
2025-04-09,Europe,Mid-Market,Professional,14108.67,2058.81,7.1,141,4.0,Refunded
2025-04-09,North America,SMB,Professional,2866.73,720.06,0.6,26,4.0,Completed
2025-04-09,North America,Mid-Market,Professional,10990.23,1598.4,15.3,95,3.0,Completed
2025-04-10,North America,Mid-Market,Enterprise Plus,10243.16,1493.37,6.8,59,4.5,Pending
2025-04-10,Asia Pacific,SMB,Professional,10174.61,2702.54,19.2,48,4.0,Completed
2025-04-10,North America,SMB,Starter,5135.78,1328.97,14.6,39,4.5,Completed
2025-04-10,North America,Mid-Market,AI Addon,6416.01,940.44,7.0,68,4.0,Completed
2025-04-11,North America,Mid-Market,AI Addon,7678.85,1112.7,2.9,49,4.5,Completed
2025-04-11,North America,Enterprise,Enterprise Plus,10330.96,733.95,8.6,50,5.0,Completed
2025-04-11,Asia Pacific,Enterprise,AI Addon,3407.48,230.36,14.1,29,5.0,Completed
2025-04-12,Europe,SMB,Professional,12091.2,3196.45,2.0,104,4.0,Completed
2025-04-12,Europe,Enterprise,AI Addon,19686.56,1412.23,1.7,82,4.0,Completed
2025-04-12,North America,Mid-Market,Starter,5370.25,769.69,14.1,23,4.0,Completed
2025-04-13,Europe,SMB,Professional,10542.72,2811.58,10.1,43,5.0,Completed
2025-04-13,Europe,Enterprise,Professional,42037.3,3024.68,9.0,194,4.0,Completed
2025-04-13,North America,Mid-Market,Starter,10447.05,1516.7,5.4,94,3.0,Pending
2025-04-13,North America,Mid-Market,Starter,5005.72,700.1,13.4,44,4.0,Completed
2025-04-14,North America,Startup,Enterprise Plus,3236.8,1125.6,3.1,24,3.0,Completed
2025-04-14,Europe,Mid-Market,Enterprise Plus,8797.31,1263.02,2.6,66,4.0,Pending
2025-04-14,Europe,SMB,Professional,5368.85,1434.14,2.4,23,4.0,Pending
2025-04-15,North America,Mid-Market,Starter,5710.73,819.0,3.6,27,4.0,Completed
2025-04-15,North America,Enterprise,Enterprise Plus,29792.88,2134.12,5.5,147,2.0,Completed
2025-04-15,Europe,SMB,Enterprise Plus,1928.6,430.74,0.2,18,5.0,Completed
2025-04-16,Europe,Startup,Professional,6534.0,2288.59,5.1,28,4.5,Completed
2025-04-16,Asia Pacific,SMB,Enterprise Plus,9300.0,2504.36,4.7,43,4.5,Completed
2025-04-16,Europe,SMB,Professional,4406.98,1178.66,12.4,41,4.0,Pending
2025-04-16,North America,SMB,Professional,5238.39,1358.81,7.3,23,4.5,Completed
2025-04-17,North America,Enterprise,AI Addon,37006.83,2644.26,2.9,294,4.0,Completed
2025-04-17,Europe,Enterprise,Professional,26324.15,1876.65,3.3,281,3.0,Completed
2025-04-17,North America,SMB,Professional,4658.79,1198.58,9.4,25,3.0,Completed
2025-04-18,Europe,Mid-Market,Enterprise Plus,8904.72,1266.17,0.3,47,4.0,Failed
2025-04-18,Latin America,SMB,Enterprise Plus,6681.75,1758.34,4.1,70,3.0,Completed
2025-04-18,Europe,Startup,Starter,8806.59,3065.88,2.5,66,,Completed
2025-04-19,North America,Mid-Market,Starter,8813.66,1284.63,4.0,36,2.0,Completed
2025-04-19,Europe,Enterprise,Starter,16579.74,1181.34,1.1,85,4.0,Completed
2025-04-19,Europe,SMB,Enterprise Plus,5365.72,1429.51,2.3,27,4.0,Completed
2025-04-19,Europe,Mid-Market,Professional,9942.88,1433.44,3.1,86,4.0,Completed
2025-04-20,Latin America,SMB,Starter,6217.09,1619.92,12.2,67,4.0,Failed
2025-04-20,North America,Mid-Market,AI Addon,9484.32,1360.84,3.1,75,3.0,Completed
2025-04-20,Latin America,SMB,Professional,8942.29,2349.58,4.3,74,4.5,Completed
2025-04-21,Asia Pacific,Enterprise,Professional,12752.04,905.19,5.1,107,4.0,Completed
2025-04-21,North America,SMB,Professional,6513.92,1701.09,14.7,58,4.0,Completed
2025-04-21,North America,Mid-Market,Enterprise Plus,11892.61,1731.27,2.3,67,4.5,Completed
2025-04-22,North America,Mid-Market,Starter,6759.28,945.12,14.9,50,5.0,Completed
2025-04-22,North America,Enterprise,Professional,23821.93,1693.44,11.1,109,4.5,Completed
2025-04-22,North America,SMB,Enterprise Plus,6685.35,1751.74,10.3,61,4.0,Completed
2025-04-22,Europe,SMB,Professional,1542.01,326.1,1.9,10,4.0,Completed
2025-04-23,North America,Enterprise,Professional,12157.78,862.8,1.0,148,4.0,Completed
2025-04-23,North America,Enterprise,Professional,38458.66,2743.48,3.0,238,4.5,Completed
2025-04-23,Asia Pacific,Enterprise,Starter,14874.29,1055.8,9.1,167,5.0,Completed
2025-04-24,North America,SMB,Starter,3061.48,768.72,1.8,13,3.0,Completed
2025-04-24,Asia Pacific,SMB,Professional,2162.53,516.83,0.9,11,4.0,Completed
2025-04-24,North America,Mid-Market,Professional,5890.77,823.22,8.7,37,4.5,Completed
2025-04-25,North America,Enterprise,Starter,19077.51,1334.03,2.7,202,4.0,Completed
2025-04-25,Europe,Mid-Market,Enterprise Plus,5090.06,740.74,10.1,29,4.0,Refunded
2025-04-25,Europe,Mid-Market,AI Addon,13172.58,1887.71,11.3,64,4.0,Completed
2025-04-25,Asia Pacific,Mid-Market,Enterprise Plus,6570.41,936.75,2.5,59,4.0,Completed
2025-04-26,Europe,Startup,Enterprise Plus,4708.27,1625.55,3.9,27,,Completed
2025-04-26,Asia Pacific,Enterprise,Professional,36121.14,2566.61,4.0,166,4.0,Completed
2025-04-26,North America,SMB,AI Addon,9454.16,2494.96,8.8,45,3.0,Completed
2025-04-27,North America,Mid-Market,Starter,11391.69,1612.9,4.6,53,3.0,Pending
2025-04-27,Asia Pacific,Mid-Market,AI Addon,5726.39,796.11,19.2,25,2.0,Refunded
2025-04-27,Asia Pacific,SMB,AI Addon,5353.18,1376.91,3.3,23,4.0,Completed
2025-04-28,Latin America,SMB,Enterprise Plus,6433.8,1636.93,11.5,44,4.0,Completed
2025-04-28,North America,Startup,AI Addon,10578.48,3739.95,16.6,60,3.0,Completed
2025-04-28,North America,Enterprise,Professional,7310.97,514.04,10.1,35,4.5,Completed
2025-04-28,Asia Pacific,Enterprise,Professional,19395.35,1379.18,2.6,98,4.5,Completed
2025-04-29,North America,SMB,Professional,7102.46,1857.5,0.4,29,4.0,Completed
2025-04-29,Latin America,Mid-Market,Professional,10388.93,1481.29,14.4,127,4.0,Pending
2025-04-29,Asia Pacific,Mid-Market,Starter,10902.66,1556.35,4.0,78,,Completed
2025-04-30,North America,Enterprise,Enterprise Plus,13773.23,964.6,5.5,108,4.0,Completed
2025-04-30,Asia Pacific,Enterprise,AI Addon,29864.5,2117.48,26.2,240,4.5,Completed
2025-04-30,Asia Pacific,SMB,Starter,5642.28,1433.75,14.4,48,4.0,Completed
2025-05-01,North America,Enterprise,Enterprise Plus,22080.71,1553.77,9.9,111,4.5,Completed
2025-05-01,Asia Pacific,Mid-Market,AI Addon,15519.72,2218.03,6.9,165,4.5,Pending
2025-05-01,Europe,Enterprise,AI Addon,17165.51,1215.92,9.5,84,4.5,Completed
2025-05-01,Asia Pacific,Mid-Market,AI Addon,16980.78,2434.01,23.2,86,5.0,Completed
2025-05-02,North America,Enterprise,Professional,10353.99,727.67,12.7,85,5.0,Completed
2025-05-02,Asia Pacific,Mid-Market,AI Addon,11149.33,1594.32,9.7,91,4.0,Completed
2025-05-02,North America,Enterprise,Enterprise Plus,13422.62,935.27,3.6,72,4.0,Pending
2025-05-03,North America,SMB,Starter,3276.21,816.45,11.1,16,4.0,Completed
2025-05-03,Asia Pacific,Enterprise,Professional,43131.52,3049.75,6.6,189,4.5,Refunded
2025-05-03,North America,Mid-Market,Enterprise Plus,5355.15,747.61,19.1,24,4.5,Completed
2025-05-04,North America,SMB,Professional,5519.64,1446.69,7.1,23,3.0,Completed
2025-05-04,Latin America,SMB,Enterprise Plus,2993.32,717.9,2.6,17,2.0,Completed
2025-05-04,Latin America,Mid-Market,Enterprise Plus,74317.635,2366.8,3.8,317,4.5,Completed
2025-05-04,Europe,Mid-Market,Starter,8286.1,1158.59,5.0,39,4.0,Completed
2025-05-05,Europe,Mid-Market,Professional,15434.65,2212.8,13.6,67,4.0,Completed
2025-05-05,North America,SMB,Enterprise Plus,7047.97,1829.15,5.0,86,4.5,Completed
2025-05-05,North America,Startup,Professional,9990.82,3486.48,2.3,41,4.0,Completed
2025-05-06,North America,SMB,Starter,2694.96,643.43,3.4,17,3.0,Failed
2025-05-06,Europe,Mid-Market,Starter,6081.04,859.18,1.2,29,3.0,Refunded
2025-05-06,Asia Pacific,SMB,Professional,8393.77,2159.38,8.9,83,3.0,Completed
2025-05-07,Asia Pacific,Mid-Market,AI Addon,11435.64,1629.34,2.9,78,4.0,Pending
2025-05-07,Asia Pacific,Enterprise,Professional,17834.68,1257.69,7.8,142,4.0,Completed
2025-05-07,North America,Mid-Market,Enterprise Plus,22243.47,3192.9,5.3,172,4.0,Completed
2025-05-07,Europe,Startup,Professional,4070.18,1400.44,2.4,41,3.0,Completed
2025-05-08,North America,Enterprise,Professional,13695.19,952.98,12.1,64,2.0,Failed
2025-05-08,Europe,SMB,Enterprise Plus,8506.69,2224.79,5.2,105,3.0,Completed
2025-05-08,North America,Enterprise,Enterprise Plus,20419.9,1422.17,15.4,154,,Completed
2025-05-09,Asia Pacific,Mid-Market,Starter,10399.42,1473.43,7.0,95,4.0,Completed
2025-05-09,North America,Enterprise,Professional,27096.44,1898.74,5.3,151,5.0,Completed
2025-05-09,North America,Mid-Market,Starter,13643.48,1932.11,14.8,111,4.5,Completed
2025-05-10,North America,SMB,Professional,3504.08,853.38,6.7,29,4.0,Completed
2025-05-10,Asia Pacific,Mid-Market,Enterprise Plus,8684.67,1223.8,2.9,54,4.5,Completed
2025-05-10,Europe,SMB,Starter,2731.61,685.45,12.0,15,3.0,Refunded
2025-05-10,North America,SMB,Professional,6265.76,1640.36,7.3,63,4.5,Completed
2025-05-11,North America,Startup,Professional,8733.63,3025.2,17.3,80,4.0,Completed
2025-05-11,Europe,Enterprise,AI Addon,12519.9,871.16,7.9,103,4.5,Completed
2025-05-11,North America,Mid-Market,AI Addon,4508.51,619.29,5.0,19,3.0,Completed
2025-05-12,Asia Pacific,Enterprise,Starter,14785.51,1028.66,0.9,101,4.5,Completed
2025-05-12,Europe,Startup,Enterprise Plus,3814.75,1252.57,6.8,21,3.0,Completed
2025-05-12,North America,Startup,Professional,5665.13,1939.79,14.8,47,5.0,Pending
2025-05-13,North America,Mid-Market,Professional,8477.14,1191.52,5.7,52,4.0,Completed
2025-05-13,Latin America,SMB,Enterprise Plus,6566.15,1653.78,8.9,71,4.5,Pending
2025-05-13,North America,Mid-Market,AI Addon,7890.86,1102.01,9.6,92,4.0,Completed
2025-05-13,North America,SMB,AI Addon,5070.59,1284.98,8.5,32,4.0,Completed
2025-05-14,Asia Pacific,Enterprise,Professional,13493.21,937.44,6.1,92,4.0,Completed
2025-05-14,Latin America,SMB,Professional,3167.28,795.01,9.1,31,5.0,Completed
2025-05-14,Latin America,Enterprise,Enterprise Plus,28198.83,1971.12,4.3,144,2.0,Completed
2025-05-15,Asia Pacific,SMB,Professional,4481.84,1138.77,6.6,19,5.0,Completed
2025-05-15,North America,SMB,Professional,6751.04,1708.48,2.7,46,4.0,Completed
2025-05-15,North America,SMB,Professional,3716.99,930.19,18.3,20,4.5,Completed
2025-05-16,Asia Pacific,Enterprise,Enterprise Plus,20113.69,1404.66,4.6,83,4.0,Completed
2025-05-16,Europe,Mid-Market,Professional,3383.5,436.43,13.6,16,4.0,Pending
2025-05-16,North America,Mid-Market,Starter,8448.41,1179.39,11.0,54,5.0,Completed
2025-05-16,Asia Pacific,Mid-Market,AI Addon,6916.14,979.18,15.6,34,4.0,Completed
2025-05-17,North America,Enterprise,Starter,33324.1,2323.97,2.8,328,4.0,Completed
2025-05-17,Europe,Startup,Professional,2300.57,732.79,7.3,14,1.0,Completed
2025-05-17,North America,Mid-Market,Professional,9478.39,1309.88,9.3,75,3.0,Completed
2025-05-18,Europe,Mid-Market,Starter,11498.67,1631.17,6.3,108,4.0,Completed
2025-05-18,North America,Mid-Market,Starter,15492.02,2178.75,14.0,102,4.5,Completed
2025-05-18,North America,Mid-Market,Starter,14594.42,2044.83,5.3,143,4.0,Completed
2025-05-19,North America,SMB,Enterprise Plus,5326.64,1358.49,7.9,27,3.0,Completed
2025-05-19,Europe,Mid-Market,Professional,10295.13,1447.76,8.6,66,4.0,Completed
2025-05-19,Europe,Startup,AI Addon,6759.99,2323.04,5.9,40,4.0,Completed
2025-05-19,Europe,Mid-Market,Professional,9597.84,1346.44,7.2,92,4.0,Completed
2025-05-20,Latin America,Startup,Professional,4543.08,1519.03,3.9,44,5.0,Completed
2025-05-20,North America,SMB,Professional,9247.41,2357.27,2.0,52,4.5,Completed
2025-05-20,North America,Enterprise,Professional,53345.98,3707.15,4.8,216,3.0,Completed
2025-05-21,Asia Pacific,Startup,Enterprise Plus,4660.36,1578.7,11.1,49,5.0,Completed
2025-05-21,North America,Enterprise,Professional,25458.72,1774.88,7.5,199,4.0,Completed
2025-05-21,Latin America,SMB,Professional,7904.57,2017.55,6.0,35,4.5,Refunded
2025-05-22,North America,Mid-Market,Enterprise Plus,16664.15,2347.18,6.3,181,3.0,Completed
2025-05-22,Latin America,SMB,AI Addon,8639.43,2203.14,19.3,38,4.5,Completed
2025-05-22,North America,SMB,Enterprise Plus,4230.33,1061.19,18.3,26,4.0,Completed
2025-05-22,Asia Pacific,SMB,Professional,6430.15,1626.81,6.8,44,4.0,Completed
2025-05-23,Europe,SMB,Enterprise Plus,8773.39,2209.99,1.4,67,1.0,Completed
2025-05-23,Latin America,Mid-Market,Professional,18242.26,2568.18,25.7,140,3.0,Completed
2025-05-23,North America,Enterprise,Professional,18981.78,1310.98,29.7,144,3.0,Pending
2025-05-24,Europe,Mid-Market,Professional,11450.14,1608.97,13.7,50,4.0,Completed
2025-05-24,Latin America,Enterprise,Professional,24495.09,1693.2,6.5,121,3.0,Completed
2025-05-24,Europe,SMB,Starter,5790.62,1425.72,17.5,30,4.5,Completed
2025-05-25,Europe,Mid-Market,Professional,11351.86,1590.13,13.5,53,1.0,Failed
2025-05-25,Europe,Startup,Enterprise Plus,1413.43,422.83,8.5,12,4.0,Completed
2025-05-25,Europe,SMB,Professional,18284.53,4728.97,8.3,99,3.0,Completed
2025-05-25,Europe,SMB,Starter,5216.33,1285.67,2.5,33,5.0,Completed
2025-05-26,Europe,Enterprise,Starter,19512.23,1332.21,14.3,92,5.0,Completed
2025-05-26,Asia Pacific,SMB,AI Addon,2476.4,584.14,13.8,19,3.0,Completed
2025-05-26,North America,Startup,Professional,1737.56,532.09,6.5,10,4.0,Pending
2025-05-27,North America,Mid-Market,Professional,12495.37,1747.33,2.0,55,1.0,Completed
2025-05-27,Latin America,SMB,Enterprise Plus,8507.23,2214.03,3.4,58,5.0,Completed
2025-05-27,Asia Pacific,SMB,Enterprise Plus,8064.44,2032.92,3.5,89,4.0,Completed
2025-05-28,Europe,Enterprise,Professional,13588.17,928.94,10.8,82,2.0,Completed
2025-05-28,Europe,Mid-Market,Enterprise Plus,14174.37,1979.52,7.1,103,4.0,Completed
2025-05-28,North America,Mid-Market,Enterprise Plus,9457.87,1322.38,14.0,49,2.0,Completed
2025-05-28,North America,Enterprise,Enterprise Plus,17078.72,1173.31,1.7,71,4.0,Completed
2025-05-29,Europe,Mid-Market,Starter,5068.62,695.49,11.4,32,4.5,Completed
2025-05-29,North America,Enterprise,Enterprise Plus,14499.42,986.03,8.0,92,4.0,Completed
2025-05-29,Europe,Enterprise,Professional,25636.47,1765.73,12.3,135,4.0,Completed
2025-05-30,North America,Enterprise,Professional,23722.93,1618.99,3.7,244,3.0,Completed
2025-05-30,Latin America,Startup,Professional,4597.45,1511.76,6.4,38,4.0,Completed
2025-05-30,Latin America,Mid-Market,Starter,2991.05,409.99,4.7,13,3.0,Completed
2025-05-31,Europe,Startup,Starter,4575.48,1518.88,15.5,24,4.5,Refunded
2025-05-31,Europe,Mid-Market,Enterprise Plus,7586.21,1053.57,1.1,93,3.0,Completed
2025-05-31,North America,Mid-Market,Starter,11495.14,1624.3,2.1,101,4.0,Completed
2025-05-31,Asia Pacific,Mid-Market,Professional,17132.63,2379.01,2.9,88,4.0,Completed
2025-06-01,Europe,Mid-Market,Professional,8234.21,1129.14,2.7,40,3.0,Completed
2025-06-01,North America,Enterprise,Starter,21465.47,1468.11,3.1,97,4.0,Completed
2025-06-01,Asia Pacific,SMB,AI Addon,12491.2,3184.22,6.2,97,4.0,Completed
2025-06-02,Asia Pacific,Enterprise,Professional,23050.53,1587.55,9.8,97,4.0,Completed
2025-06-02,Latin America,SMB,Professional,5506.77,1385.61,1.7,32,4.0,Completed
2025-06-02,Europe,SMB,Professional,3880.9,936.44,5.7,20,4.0,Completed
2025-06-03,Europe,Enterprise,Professional,29125.19,2004.2,8.0,161,4.0,Completed
2025-06-03,North America,Enterprise,Starter,12423.14,858.25,11.0,124,4.0,Pending
2025-06-03,Latin America,SMB,Enterprise Plus,9550.73,2426.07,0.8,40,4.5,Completed
2025-06-03,Asia Pacific,Mid-Market,AI Addon,13477.24,1876.47,10.6,134,1.0,Completed
2025-06-04,North America,Enterprise,Professional,15733.87,1071.37,8.0,128,4.0,Completed
2025-06-04,North America,Startup,Enterprise Plus,3017.39,951.9,5.4,14,2.0,Completed
2025-06-04,North America,Enterprise,Enterprise Plus,14212.68,963.12,4.4,77,3.0,Completed
2025-06-05,Asia Pacific,SMB,Enterprise Plus,2298.3,537.31,2.4,11,4.0,Completed
2025-06-05,Latin America,Startup,Professional,5309.18,1728.37,1.2,32,5.0,Completed
2025-06-05,North America,Enterprise,Professional,6457.06,439.68,11.0,45,5.0,Completed
2025-06-06,Europe,Enterprise,Professional,19757.08,1344.96,1.7,84,2.0,Completed
2025-06-06,North America,Enterprise,Enterprise Plus,19189.16,1304.82,3.1,223,4.0,Completed
2025-06-06,Latin America,Mid-Market,Enterprise Plus,8609.54,1198.77,9.8,39,4.0,Completed
2025-06-06,Asia Pacific,Enterprise,Starter,25101.66,1723.03,0.2,211,3.0,Completed
2025-06-07,Asia Pacific,SMB,Professional,4295.26,1072.65,5.1,20,4.5,Completed
2025-06-07,Europe,Enterprise,AI Addon,22241.17,1520.65,5.0,215,4.5,Pending
2025-06-07,North America,Mid-Market,Enterprise Plus,17496.12,2425.86,6.2,98,5.0,Completed
2025-06-08,North America,Startup,AI Addon,5428.45,1815.27,3.1,24,1.0,Completed
2025-06-08,North America,SMB,Enterprise Plus,4588.11,1149.37,5.6,29,3.0,Completed
2025-06-08,Asia Pacific,SMB,Professional,5600.68,1405.11,9.2,28,4.5,Completed
2025-06-09,Asia Pacific,Mid-Market,Professional,8819.9,1199.4,15.7,41,4.5,Completed
2025-06-09,Latin America,SMB,Enterprise Plus,5230.71,1296.18,4.4,26,5.0,Completed
2025-06-09,Latin America,Mid-Market,Starter,11158.26,1542.0,4.7,48,2.0,Completed
2025-06-09,Europe,Mid-Market,Professional,5025.2,679.16,2.3,33,4.0,Completed
2025-06-10,Asia Pacific,Enterprise,Enterprise Plus,9010.4,597.91,5.2,83,4.0,Completed
2025-06-10,Latin America,SMB,Starter,3626.03,897.45,13.2,42,2.0,Pending
2025-06-10,Asia Pacific,Mid-Market,Enterprise Plus,12841.32,1759.94,10.0,106,4.0,Failed
2025-06-11,North America,Enterprise,Professional,27452.04,1868.82,8.1,264,4.0,Completed
2025-06-11,Europe,Mid-Market,AI Addon,14397.19,1993.94,11.2,83,3.0,Pending
2025-06-11,North America,Mid-Market,Starter,6922.92,915.05,4.5,63,4.0,Completed
2025-06-12,Latin America,SMB,Professional,5810.35,1464.26,0.3,68,4.0,Completed
2025-06-12,Europe,SMB,Enterprise Plus,4708.71,1166.27,3.6,55,4.0,Completed
2025-06-12,North America,SMB,Professional,5242.95,1321.34,10.8,24,5.0,Completed
2025-06-12,Europe,Enterprise,Enterprise Plus,17155.92,1156.5,3.1,96,4.0,Pending
2025-06-13,Europe,Mid-Market,Enterprise Plus,11625.62,1581.88,12.0,83,4.0,Completed
2025-06-13,North America,Mid-Market,Starter,7537.53,1009.07,6.5,33,,Completed
2025-06-13,North America,Enterprise,Professional,33964.99,2304.93,8.2,370,5.0,Completed
2025-06-14,Europe,Mid-Market,Professional,16713.5,2314.13,11.6,68,1.0,Pending
2025-06-14,Europe,SMB,Professional,6933.55,1735.36,5.3,38,4.5,Completed
2025-06-14,Asia Pacific,Enterprise,AI Addon,31998.84,2184.53,19.4,288,3.0,Failed
2025-06-15,Europe,Mid-Market,Enterprise Plus,5119.76,665.47,5.8,27,1.0,Completed
2025-06-15,Asia Pacific,Enterprise,Enterprise Plus,34825.76,2365.02,16.8,167,4.0,Completed
2025-06-15,Europe,Enterprise,Enterprise Plus,24456.11,1660.82,8.5,160,4.0,Completed
2025-06-15,Europe,Enterprise,Professional,15500.69,1038.42,4.0,69,4.5,Completed
2025-06-16,Asia Pacific,Startup,AI Addon,3015.82,988.54,9.5,29,4.5,Completed
2025-06-16,North America,SMB,Enterprise Plus,10862.22,2722.84,8.6,86,,Completed
2025-06-16,North America,Startup,Enterprise Plus,6067.73,2008.27,2.3,64,4.5,Completed
2025-06-17,North America,Mid-Market,Enterprise Plus,9596.29,1305.06,13.5,83,4.0,Completed
2025-06-17,Asia Pacific,Enterprise,Professional,9885.73,661.46,10.4,82,4.5,Completed
2025-06-17,Europe,Mid-Market,Enterprise Plus,17415.32,2419.12,16.2,74,,Completed
2025-06-18,Europe,Mid-Market,Starter,5925.19,798.08,8.0,64,4.5,Completed
2025-06-18,North America,SMB,Professional,4882.71,1176.23,3.8,32,4.5,Completed
2025-06-18,North America,Enterprise,Professional,19324.51,1304.22,8.0,114,5.0,Completed
2025-06-18,North America,Mid-Market,AI Addon,7299.14,981.26,7.3,32,3.0,Completed
2025-06-19,North America,Enterprise,Enterprise Plus,18855.6,1277.15,4.7,76,4.5,Completed
2025-06-19,Europe,Mid-Market,Enterprise Plus,10210.34,1395.44,4.7,50,5.0,Completed
2025-06-19,North America,SMB,Enterprise Plus,5101.6,1264.87,6.1,21,,Completed
2025-06-20,North America,Mid-Market,Professional,11870.96,1617.45,16.0,56,3.0,Failed
2025-06-20,Asia Pacific,Mid-Market,AI Addon,20080.82,2768.37,0.9,83,4.0,Completed
2025-06-20,North America,Mid-Market,Professional,5128.26,678.48,5.0,26,4.5,Refunded
2025-06-21,Europe,Mid-Market,Professional,11097.29,1504.75,18.0,119,4.0,Completed
2025-06-21,Asia Pacific,SMB,Starter,3400.6,802.45,2.0,23,4.0,Completed
2025-06-21,North America,SMB,Enterprise Plus,2748.26,644.4,26.6,15,4.0,Completed
2025-06-21,Europe,Startup,Enterprise Plus,6326.98,2110.34,10.9,46,4.0,Completed
2025-06-22,Asia Pacific,SMB,Professional,6332.48,1563.46,3.1,51,4.0,Completed
2025-06-22,Latin America,Mid-Market,Starter,4639.29,623.09,8.8,27,4.0,Completed
2025-06-22,North America,SMB,Enterprise Plus,5182.51,1276.61,4.1,22,4.0,Completed
2025-06-23,Asia Pacific,Mid-Market,Starter,3860.49,512.8,3.3,45,4.0,Completed
2025-06-23,Europe,Mid-Market,Enterprise Plus,6590.44,898.64,9.2,32,4.0,Completed
2025-06-23,North America,SMB,AI Addon,1632.33,404.57,0.7,9,3.0,Completed
2025-06-24,Europe,Enterprise,Professional,19261.26,1297.54,1.1,79,2.0,Completed
2025-06-24,Latin America,Startup,Professional,5811.12,1898.74,9.4,25,3.0,Completed
2025-06-24,Europe,Mid-Market,Enterprise Plus,13152.48,1812.51,3.8,63,4.0,Completed
2025-06-24,North America,SMB,Enterprise Plus,4763.22,1160.41,11.8,29,4.5,Completed
2025-06-25,Europe,SMB,Professional,8824.72,2154.63,6.6,77,3.0,Completed
2025-06-25,North America,SMB,AI Addon,10158.95,2511.15,3.9,59,3.0,Completed
2025-06-25,North America,SMB,Starter,7857.05,1912.82,11.5,38,4.5,Completed
2025-06-26,North America,SMB,Professional,4440.6,1069.64,8.1,20,4.0,Completed
2025-06-26,North America,Enterprise,Enterprise Plus,19739.26,1317.39,27.6,93,,Completed
2025-06-26,North America,Mid-Market,Enterprise Plus,19839.93,2728.9,4.4,176,4.5,Completed
2025-06-27,North America,Enterprise,Starter,17892.51,1201.5,1.5,99,4.0,Completed
2025-06-27,Europe,SMB,Enterprise Plus,7130.76,1815.07,16.0,53,4.0,Completed
2025-06-27,North America,Mid-Market,Professional,7336.05,974.74,5.2,90,4.0,Completed
2025-06-27,North America,SMB,Professional,8841.65,2161.41,2.0,78,2.0,Pending
2025-06-28,Asia Pacific,Enterprise,Starter,13766.56,920.71,8.9,139,3.0,Completed
2025-06-28,Europe,Enterprise,Enterprise Plus,20054.39,1344.1,7.0,90,3.0,Completed
2025-06-28,Europe,SMB,Starter,7184.88,1786.27,6.3,58,4.5,Completed
2025-06-29,North America,Enterprise,Professional,44311.48,2979.65,10.7,346,4.0,Completed
2025-06-29,North America,Enterprise,Professional,23232.42,1550.41,4.9,96,1.0,Completed
2025-06-29,North America,Enterprise,Enterprise Plus,18363.6,1236.58,15.0,128,4.5,Completed
2025-06-30,North America,Startup,Enterprise Plus,3765.58,1193.12,9.4,47,4.0,Completed
2025-06-30,North America,SMB,Enterprise Plus,8546.23,2119.12,2.2,67,4.0,Completed
2025-06-30,North America,Mid-Market,Professional,12676.34,1721.62,10.8,127,3.0,Completed
2025-06-30,North America,Mid-Market,Enterprise Plus,13867.69,1881.85,5.6,143,4.0,Completed
2025-07-01,North America,Mid-Market,Professional,19327.6,2642.12,26.5,208,,Completed
2025-07-01,Europe,SMB,Enterprise Plus,5881.12,1439.3,4.0,33,2.0,Completed
2025-07-01,North America,SMB,AI Addon,6774.13,1667.03,2.1,61,4.0,Completed
2025-07-02,North America,Enterprise,Starter,17859.89,1185.53,3.7,127,4.0,Completed
2025-07-02,Europe,Enterprise,Enterprise Plus,14424.53,956.63,5.1,64,4.0,Completed
2025-07-02,Europe,Enterprise,Starter,15762.9,1047.66,6.2,104,4.0,Completed
2025-07-03,North America,SMB,Professional,1491.55,352.02,10.4,7,4.5,Completed
2025-07-03,Asia Pacific,SMB,Professional,7208.94,1778.13,0.9,44,5.0,Failed
2025-07-03,Europe,Mid-Market,Professional,12585.78,1696.23,2.9,86,3.0,Completed
2025-07-03,North America,Enterprise,Professional,26361.87,1761.21,7.2,128,4.0,Failed
2025-07-04,Asia Pacific,Enterprise,Enterprise Plus,14008.94,925.94,2.0,152,4.0,Completed
2025-07-04,Asia Pacific,Startup,Professional,3481.0,1056.41,10.5,37,4.0,Completed
2025-07-04,North America,Mid-Market,Enterprise Plus,7840.36,1039.98,2.9,42,4.0,Completed
2025-07-05,North America,SMB,Professional,9150.5,2255.69,3.8,57,3.0,Completed
2025-07-05,Asia Pacific,SMB,Starter,6204.03,1524.32,1.7,29,4.0,Completed
2025-07-05,Europe,Mid-Market,Enterprise Plus,10410.87,1432.2,1.7,45,4.0,Completed
2025-07-06,North America,Enterprise,Professional,29344.07,1959.71,13.5,201,4.5,Completed
2025-07-06,North America,Enterprise,Professional,15676.09,1041.66,6.7,87,4.5,Completed
2025-07-06,North America,SMB,Enterprise Plus,6776.08,1648.76,3.9,42,3.0,Completed
2025-07-06,Europe,SMB,Professional,12711.88,3154.28,11.4,52,3.0,Pending
2025-07-07,Europe,SMB,Starter,9761.9,2414.07,25.9,45,5.0,Completed
2025-07-07,North America,Mid-Market,Professional,11983.72,1637.54,5.3,51,4.0,Completed
2025-07-07,Europe,Enterprise,AI Addon,21834.01,1456.94,15.6,178,5.0,Completed
2025-07-08,Europe,Startup,Enterprise Plus,5467.67,1754.38,12.6,26,2.0,Completed
2025-07-08,North America,SMB,Enterprise Plus,10526.4,2563.02,7.6,85,4.0,Completed
2025-07-08,North America,Mid-Market,Enterprise Plus,18284.12,2481.71,6.8,159,4.0,Completed
2025-07-09,Europe,Startup,Starter,8444.86,2755.11,23.3,36,5.0,Failed
2025-07-09,Asia Pacific,SMB,Professional,6495.92,1563.38,1.7,78,3.0,Completed
2025-07-09,Europe,Mid-Market,Enterprise Plus,3328.58,437.73,16.4,14,4.0,Completed
2025-07-09,Europe,SMB,Starter,12381.72,3053.1,5.6,118,4.0,Completed
2025-07-10,North America,SMB,Professional,3945.31,955.6,4.3,18,5.0,Completed
2025-07-10,North America,SMB,Professional,2142.22,470.34,1.7,17,5.0,Completed
2025-07-10,Europe,Enterprise,Professional,29270.54,1945.36,5.3,210,,Completed
2025-07-11,North America,Mid-Market,AI Addon,3458.52,442.83,1.3,30,,Completed
2025-07-11,North America,Startup,Starter,4377.25,1418.52,14.4,25,1.0,Completed
2025-07-11,North America,Enterprise,Professional,6819.03,439.01,5.4,49,2.0,Completed
2025-07-12,North America,Mid-Market,Starter,9156.96,1202.51,11.8,48,3.0,Completed
2025-07-12,North America,Mid-Market,AI Addon,20284.42,2757.93,6.3,246,4.0,Completed
2025-07-12,North America,Mid-Market,Starter,12217.87,1646.97,8.9,135,4.5,Completed
2025-07-12,North America,SMB,Professional,5851.45,1411.71,3.8,61,5.0,Completed
2025-07-13,North America,Startup,Enterprise Plus,5438.94,1729.18,4.9,36,3.0,Completed
2025-07-13,Asia Pacific,Enterprise,Enterprise Plus,4301.88,276.99,2.2,20,4.0,Completed
2025-07-13,Europe,Enterprise,Professional,15399.32,1030.18,11.6,67,5.0,Completed
2025-07-14,Europe,Enterprise,Professional,16886.08,1106.8,4.3,139,4.0,Completed
2025-07-14,Asia Pacific,SMB,Professional,7659.1,1851.86,11.5,44,3.0,Completed
2025-07-14,Europe,SMB,Professional,3472.21,853.76,5.9,17,4.0,Completed
2025-07-15,North America,Mid-Market,Professional,11383.13,1532.75,0.7,89,4.0,Completed
2025-07-15,Europe,SMB,Professional,5720.25,1349.38,13.9,39,4.0,Completed
2025-07-15,Europe,SMB,Professional,4543.6,1057.22,7.1,27,4.0,Completed
2025-07-15,Europe,SMB,Professional,4637.35,1090.58,15.7,46,1.0,Completed
2025-07-16,North America,Startup,Enterprise Plus,4217.88,1343.68,6.0,50,,Completed
2025-07-16,North America,Mid-Market,AI Addon,3949.44,510.14,3.9,38,4.0,Completed
2025-07-16,North America,SMB,Enterprise Plus,8082.0,1971.7,17.7,44,4.0,Completed
2025-07-17,North America,Mid-Market,Starter,7280.68,952.32,3.3,79,,Completed
2025-07-17,Europe,SMB,Starter,5089.09,1238.29,6.6,46,3.0,Completed
2025-07-17,Europe,SMB,AI Addon,11001.36,2712.51,7.3,81,3.0,Pending
2025-07-18,North America,SMB,Professional,8241.65,1986.83,3.1,89,4.5,Completed
2025-07-18,Latin America,SMB,Starter,3317.07,778.64,6.0,30,4.0,Completed
2025-07-18,Europe,Enterprise,Professional,4044.44,248.4,2.0,18,4.5,Pending
2025-07-18,North America,Mid-Market,Enterprise Plus,13102.38,1762.45,19.7,158,4.0,Completed
2025-07-19,North America,Startup,Enterprise Plus,3989.63,1261.29,7.9,21,2.0,Completed
2025-07-19,North America,Startup,Professional,4750.51,1536.94,6.4,33,4.0,Completed
2025-07-19,North America,Enterprise,Starter,29653.31,1957.31,2.1,153,3.0,Completed
2025-07-20,North America,Enterprise,AI Addon,31620.05,2095.4,9.5,176,4.5,Completed
2025-07-20,North America,Enterprise,Professional,17441.76,1147.85,1.8,148,4.0,Completed
2025-07-20,North America,SMB,Enterprise Plus,5439.77,1333.46,2.2,25,5.0,Refunded
2025-07-21,North America,SMB,Enterprise Plus,6965.93,1670.67,3.0,43,4.5,Completed
2025-07-21,Asia Pacific,Enterprise,Enterprise Plus,26170.42,1719.98,0.4,120,3.0,Completed
2025-07-21,North America,Mid-Market,Professional,11334.45,1530.11,1.7,77,4.5,Completed
2025-07-21,Europe,SMB,Professional,10667.04,2577.49,7.0,44,4.0,Completed
2025-07-22,North America,SMB,Professional,7280.27,1711.34,9.4,35,4.5,Completed
2025-07-22,Latin America,Mid-Market,Enterprise Plus,14539.18,1944.39,1.7,60,4.5,Completed
2025-07-22,North America,Mid-Market,AI Addon,11866.13,1588.9,10.5,71,4.0,Completed
2025-07-23,North America,Mid-Market,Starter,6700.56,850.64,11.6,42,4.0,Completed
2025-07-23,Latin America,Mid-Market,Starter,7683.64,1028.6,13.0,37,4.0,Completed
2025-07-23,Asia Pacific,Mid-Market,AI Addon,5825.64,762.07,13.5,26,4.0,Completed
2025-07-24,Asia Pacific,SMB,Enterprise Plus,9073.13,2200.17,5.5,38,3.0,Completed
2025-07-24,North America,SMB,Enterprise Plus,2809.62,621.25,4.6,21,4.0,Completed
2025-07-24,North America,SMB,Professional,5498.6,1308.18,6.4,26,4.0,Completed
2025-07-24,Europe,SMB,Professional,4905.1,1177.61,8.0,43,2.0,Completed
2025-07-25,Asia Pacific,Enterprise,Enterprise Plus,17702.65,1163.1,12.4,103,1.0,Completed
2025-07-25,Europe,Mid-Market,Enterprise Plus,9123.77,1211.13,1.1,83,4.0,Completed
2025-07-25,Europe,Enterprise,Professional,42368.11,2794.03,7.3,305,4.0,Completed
2025-07-26,North America,Enterprise,Starter,7624.32,490.62,6.2,32,4.5,Completed
2025-07-26,Asia Pacific,SMB,Professional,9971.14,2433.24,6.9,96,4.0,Completed
2025-07-26,North America,Startup,Professional,3892.55,1259.6,4.8,21,4.0,Completed
2025-07-27,North America,Enterprise,Professional,31090.01,2034.23,3.5,172,4.0,Completed
2025-07-27,North America,Mid-Market,AI Addon,10909.82,1452.36,8.2,109,4.5,Completed
2025-07-27,Europe,SMB,Professional,3336.71,801.89,8.5,25,4.0,Completed
2025-07-27,North America,Enterprise,Enterprise Plus,38615.73,2537.12,8.2,220,,Completed
2025-07-28,North America,Mid-Market,Starter,17703.13,2362.35,4.3,159,5.0,Completed
2025-07-28,Europe,SMB,Enterprise Plus,3422.72,832.06,5.1,16,4.5,Completed
2025-07-28,North America,SMB,AI Addon,7593.1,1822.47,0.6,31,5.0,Completed
2025-07-29,Europe,Enterprise,Starter,16057.76,1051.45,3.4,138,4.0,Completed
2025-07-29,North America,Mid-Market,Starter,5048.08,635.44,1.2,46,4.0,Completed
2025-07-29,Europe,SMB,Professional,4098.76,953.48,12.3,27,4.5,Completed
2025-07-30,Europe,Mid-Market,Starter,18495.73,2470.82,4.0,90,4.5,Failed
2025-07-30,North America,Enterprise,Enterprise Plus,31349.13,2056.43,8.1,246,5.0,Completed
2025-07-30,North America,SMB,AI Addon,5121.37,1217.84,6.0,62,4.5,Refunded
2025-07-30,North America,Enterprise,Professional,37844.04,2476.04,6.2,221,,Completed
2025-07-31,North America,SMB,Professional,9439.03,2281.79,1.8,39,4.0,Completed
2025-07-31,Latin America,Enterprise,Professional,14678.06,954.22,4.5,101,4.5,Completed
2025-07-31,North America,Startup,Enterprise Plus,8543.32,2743.96,14.3,57,4.5,Completed
2025-08-01,Asia Pacific,Mid-Market,Starter,8860.68,1172.1,11.7,37,4.5,Completed
2025-08-01,North America,Mid-Market,Professional,9451.67,1248.53,16.5,48,4.0,Completed
2025-08-01,Europe,Enterprise,Enterprise Plus,7599.73,497.62,17.5,38,4.5,Completed
2025-08-02,Asia Pacific,Mid-Market,Enterprise Plus,8025.6,1041.97,6.4,46,5.0,Completed
2025-08-02,Europe,SMB,Professional,5549.97,1312.88,8.8,23,3.0,Completed
2025-08-02,Europe,Startup,Enterprise Plus,5034.86,1609.01,4.7,26,4.0,Completed
2025-08-02,North America,Mid-Market,Starter,6329.12,803.28,6.6,28,4.0,Completed
2025-08-03,North America,Mid-Market,Starter,7467.73,975.54,8.3,38,,Completed
2025-08-03,Asia Pacific,SMB,Enterprise Plus,11369.35,2771.01,12.0,56,4.0,Completed
2025-08-03,Asia Pacific,SMB,Enterprise Plus,9263.33,2214.55,13.7,72,3.0,Completed
2025-08-04,Latin America,Mid-Market,Starter,18082.45,2396.63,6.3,138,4.0,Completed
2025-08-04,North America,Mid-Market,Professional,10393.9,1364.07,7.8,49,4.5,Completed
2025-08-04,Europe,Mid-Market,Professional,12317.15,1630.64,6.1,95,2.0,Completed
2025-08-05,Latin America,SMB,Professional,7719.22,1840.61,7.6,44,4.0,Completed
2025-08-05,North America,Enterprise,Professional,42158.67,2752.82,5.9,345,5.0,Completed
2025-08-05,North America,SMB,Starter,2800.2,628.32,9.8,13,5.0,Completed
2025-08-05,Europe,Mid-Market,Professional,8194.16,1092.18,3.1,83,2.0,Completed
2025-08-06,Europe,SMB,Enterprise Plus,6529.33,1563.83,4.2,30,,Completed
2025-08-06,Asia Pacific,Enterprise,Enterprise Plus,22571.1,1456.55,12.7,124,4.5,Completed
2025-08-06,North America,Mid-Market,Enterprise Plus,7375.95,969.58,9.6,66,3.0,Completed
2025-08-07,Asia Pacific,Mid-Market,Starter,13364.66,1769.71,4.2,78,1.0,Completed
2025-08-07,North America,SMB,AI Addon,4697.21,1112.83,17.8,37,3.0,Completed
2025-08-07,North America,Enterprise,Enterprise Plus,21620.8,1408.33,0.4,161,4.5,Completed
2025-08-08,North America,Mid-Market,Enterprise Plus,12983.22,1734.56,6.8,93,1.0,Completed
2025-08-08,Asia Pacific,Mid-Market,Enterprise Plus,8685.04,1137.84,6.4,96,4.0,Pending
2025-08-08,Europe,Mid-Market,AI Addon,15011.98,1980.04,14.1,61,4.5,Completed
2025-08-08,Europe,SMB,Professional,8929.44,2141.47,3.4,105,4.0,Completed
2025-08-09,North America,SMB,Professional,4216.41,987.42,5.9,22,4.5,Completed
2025-08-09,Asia Pacific,SMB,Enterprise Plus,4728.82,1109.08,5.1,34,4.5,Completed
2025-08-09,North America,Mid-Market,Enterprise Plus,6735.5,862.52,2.8,36,2.0,Completed
2025-08-10,Asia Pacific,SMB,Enterprise Plus,5875.39,1393.99,8.3,42,5.0,Completed
2025-08-10,North America,Mid-Market,Professional,12195.36,1608.52,6.9,63,3.0,Completed
2025-08-10,North America,Enterprise,Starter,18393.23,1189.34,14.1,91,4.0,Completed
2025-08-11,Europe,Enterprise,Professional,24577.54,1588.25,23.6,125,4.0,Completed
2025-08-11,North America,Mid-Market,AI Addon,8517.77,1095.24,14.1,86,3.0,Completed
2025-08-11,Europe,SMB,Professional,4695.04,1112.09,6.0,25,,Completed
2025-08-11,Europe,SMB,Professional,6937.52,1646.13,1.7,55,4.0,Failed
2025-08-12,North America,SMB,Professional,4917.21,1146.98,3.4,58,2.0,Completed
2025-08-12,Asia Pacific,Mid-Market,Professional,10314.75,1359.49,4.8,69,5.0,Completed
2025-08-12,North America,Mid-Market,Enterprise Plus,12745.83,1672.49,2.5,83,4.0,Completed
2025-08-13,Europe,Enterprise,Enterprise Plus,24295.06,1577.84,12.9,153,4.5,Completed
2025-08-13,Asia Pacific,Mid-Market,Enterprise Plus,2706.53,352.89,10.2,14,4.0,Completed
2025-08-13,Europe,Mid-Market,Professional,8505.13,1102.6,6.1,65,4.5,Completed
2025-08-14,North America,Enterprise,Enterprise Plus,34541.65,2238.33,6.3,259,2.0,Completed
2025-08-14,Latin America,Enterprise,Professional,9596.95,610.73,9.4,107,4.0,Completed
2025-08-14,Europe,Mid-Market,Enterprise Plus,1817.06,215.48,9.4,10,4.0,Completed
2025-08-14,North America,SMB,Professional,7513.55,1803.75,5.4,43,2.0,Completed
2025-08-15,North America,Startup,Professional,5004.17,1563.92,5.4,36,4.5,Completed
2025-08-15,Asia Pacific,Startup,Enterprise Plus,2578.67,805.65,12.3,13,4.0,Completed
2025-08-15,Europe,SMB,AI Addon,6351.3,1472.86,3.8,38,4.0,Completed
2025-08-16,Europe,Mid-Market,Starter,7852.69,1032.06,13.5,50,1.0,Completed
2025-08-16,Asia Pacific,SMB,Enterprise Plus,7344.7,1745.22,8.9,44,4.5,Completed
2025-08-16,Asia Pacific,SMB,Professional,1123.0,245.23,17.1,6,4.5,Completed
2025-08-17,North America,Enterprise,Professional,19338.5,1240.36,6.2,101,4.0,Refunded
2025-08-17,North America,Mid-Market,Starter,8298.79,1079.45,2.3,65,4.0,Completed
2025-08-17,North America,SMB,Professional,8303.57,1983.33,8.7,80,3.0,Completed
2025-08-17,Europe,Mid-Market,Professional,4091.37,507.66,3.3,39,4.0,Completed
2025-08-18,North America,Mid-Market,Starter,10971.71,1429.69,3.2,59,1.0,Completed
2025-08-18,Europe,Mid-Market,Professional,13757.46,1793.91,17.7,61,4.0,Completed
2025-08-18,Asia Pacific,Enterprise,AI Addon,46071.91,2980.88,12.0,308,4.0,Completed
2025-08-19,Asia Pacific,Mid-Market,Starter,8457.93,1110.41,6.5,78,5.0,Failed
2025-08-19,North America,Mid-Market,Enterprise Plus,12430.51,1620.98,8.8,60,4.0,Pending
2025-08-19,Asia Pacific,Enterprise,Professional,8291.23,526.17,8.1,38,4.5,Completed
2025-08-20,North America,Enterprise,Enterprise Plus,21796.22,1396.4,9.3,95,4.0,Completed
2025-08-20,Asia Pacific,SMB,Professional,9705.0,2311.07,5.9,53,5.0,Completed
2025-08-20,North America,Mid-Market,Starter,22811.83,2993.95,0.1,101,4.0,Completed
2025-08-20,North America,Mid-Market,Starter,12827.64,1690.0,3.2,156,4.0,Completed
2025-08-21,Asia Pacific,Mid-Market,Starter,4947.74,608.78,16.1,51,5.0,Completed
2025-08-21,North America,Startup,Starter,7833.93,2475.08,9.8,82,2.0,Completed
2025-08-21,North America,Mid-Market,Enterprise Plus,4876.72,611.7,3.1,25,3.0,Completed
2025-08-22,Europe,Mid-Market,Enterprise Plus,5923.28,766.3,2.0,65,3.0,Completed
2025-08-22,Europe,SMB,Enterprise Plus,10814.45,2568.82,13.9,66,4.5,Pending
2025-08-22,Europe,SMB,Enterprise Plus,5662.02,1349.91,9.3,36,1.0,Pending
2025-08-23,Europe,Enterprise,Starter,16498.42,1051.45,1.4,125,5.0,Completed
2025-08-23,Europe,SMB,Professional,8023.65,1903.37,10.6,36,4.0,Completed
2025-08-23,North America,Mid-Market,Professional,11619.42,1509.2,4.7,107,1.0,Refunded
2025-08-23,North America,Mid-Market,Professional,17046.02,2218.93,3.9,122,4.0,Completed
2025-08-24,North America,Enterprise,Professional,23958.08,1541.01,6.5,114,3.0,Completed
2025-08-24,Asia Pacific,Enterprise,Professional,24256.58,1557.09,6.0,285,4.0,Completed
2025-08-24,Europe,SMB,Professional,9256.99,2183.97,7.1,48,4.5,Completed
2025-08-25,North America,Mid-Market,Professional,10527.59,1341.4,7.6,49,4.0,Completed
2025-08-25,Europe,Mid-Market,Enterprise Plus,31527.72,899.87,2.2,133,2.0,Completed
2025-08-25,Latin America,SMB,Enterprise Plus,8316.0,1952.16,20.7,37,4.5,Refunded
2025-08-26,North America,SMB,Professional,5232.27,1219.3,0.9,39,4.5,Completed
2025-08-26,Europe,Enterprise,AI Addon,25121.64,1597.11,4.5,140,4.5,Completed
2025-08-26,Europe,SMB,AI Addon,1979.77,464.09,15.8,22,4.5,Completed
2025-08-26,Europe,Enterprise,Professional,20625.91,1316.1,3.3,167,3.0,Completed
2025-08-27,North America,SMB,Professional,4569.21,1087.27,11.9,48,5.0,Completed
2025-08-27,Asia Pacific,SMB,Professional,1886.82,455.98,2.2,15,4.0,Completed
2025-08-27,Latin America,Startup,AI Addon,4370.23,1335.38,16.9,20,1.0,Completed
2025-08-28,Europe,Enterprise,Enterprise Plus,21273.26,1356.31,3.0,154,4.5,Completed
2025-08-28,Europe,Enterprise,Starter,25796.46,1649.38,5.2,147,5.0,Completed
2025-08-28,Asia Pacific,Mid-Market,Professional,17614.15,2293.8,7.1,115,4.5,Completed
2025-08-29,Europe,Mid-Market,Professional,16630.72,2130.07,3.0,106,4.0,Completed
2025-08-29,North America,Enterprise,Professional,17648.42,1123.87,11.3,73,4.0,Completed
2025-08-29,Europe,Startup,Starter,4979.08,1523.82,12.5,39,4.0,Completed
2025-08-29,Europe,Enterprise,Enterprise Plus,27458.14,1756.16,5.7,148,5.0,Completed
2025-08-30,North America,Mid-Market,Enterprise Plus,8886.92,1139.23,2.0,59,3.0,Completed
2025-08-30,Europe,SMB,Enterprise Plus,2843.08,641.65,25.7,32,4.5,Completed
2025-08-30,Latin America,Mid-Market,Enterprise Plus,9823.38,1269.2,5.4,61,4.0,Completed
2025-08-31,Asia Pacific,SMB,Enterprise Plus,10044.41,2336.6,10.6,47,4.5,Completed
2025-08-31,Europe,Enterprise,Professional,10028.01,625.19,5.4,104,5.0,Completed
2025-08-31,North America,Mid-Market,Enterprise Plus,6712.19,853.91,3.6,74,4.0,Completed
2025-09-01,Latin America,Enterprise,Starter,14761.24,946.64,8.9,140,4.0,Completed
2025-09-01,Asia Pacific,Enterprise,Enterprise Plus,13552.06,858.83,2.8,65,4.5,Completed
2025-09-01,North America,Startup,Starter,6360.45,1907.14,11.5,32,4.0,Completed
2025-09-01,Asia Pacific,Enterprise,Enterprise Plus,16238.51,1030.1,18.5,93,4.5,Completed
2025-09-02,Asia Pacific,Mid-Market,Professional,14999.28,1929.95,4.0,94,4.0,Completed
2025-09-02,Europe,Mid-Market,Starter,11210.08,1428.95,4.9,49,3.0,Completed
2025-09-02,Europe,Mid-Market,Starter,4381.66,546.04,3.2,21,4.5,Completed
2025-09-03,North America,SMB,Starter,4922.16,1151.14,4.4,23,3.0,Failed
2025-09-03,North America,Enterprise,Enterprise Plus,33688.55,2158.34,5.2,155,5.0,Completed
2025-09-03,North America,SMB,Enterprise Plus,6509.19,1502.53,12.2,35,4.0,Completed
2025-09-04,Asia Pacific,Startup,Professional,3860.26,1193.02,9.3,25,4.5,Completed
2025-09-04,North America,Mid-Market,Starter,18149.54,2349.09,14.0,80,4.0,Refunded
2025-09-04,North America,Startup,Starter,2636.03,811.74,5.4,12,4.0,Completed
2025-09-04,North America,Enterprise,Starter,16560.0,1048.43,9.8,198,4.0,Completed
2025-09-05,Europe,Mid-Market,Starter,16006.67,2068.46,7.0,181,4.5,Completed
2025-09-05,Asia Pacific,Mid-Market,Enterprise Plus,14662.51,1889.63,0.6,61,4.0,Completed
2025-09-05,North America,SMB,Professional,3352.67,777.52,0.6,27,5.0,Completed
2025-09-06,North America,Startup,Professional,5705.3,1729.48,2.0,25,4.0,Completed
2025-09-06,Europe,Mid-Market,Starter,7967.45,1021.91,12.0,55,4.5,Completed
2025-09-06,Europe,SMB,Professional,1915.84,443.34,12.9,20,4.5,Completed
2025-09-07,North America,Enterprise,Professional,19037.94,1204.24,3.4,204,3.0,Completed
2025-09-07,Europe,Mid-Market,Enterprise Plus,23776.53,3080.32,19.1,224,4.0,Completed
2025-09-07,North America,Mid-Market,Professional,16861.87,2174.97,5.7,138,4.0,Completed
2025-09-07,North America,Startup,Starter,4598.66,1369.52,5.2,29,4.0,Failed
2025-09-08,Europe,SMB,Professional,2706.65,604.59,19.6,14,4.0,Completed
2025-09-08,North America,Mid-Market,Professional,3649.55,451.57,5.1,15,4.5,Completed
2025-09-08,Asia Pacific,Enterprise,Professional,22538.96,1431.01,10.1,146,3.0,Completed
2025-09-09,North America,Enterprise,AI Addon,26579.96,1678.64,12.4,159,4.5,Pending
2025-09-09,Europe,Enterprise,Enterprise Plus,30273.73,1917.07,22.5,180,5.0,Completed
2025-09-09,Europe,Mid-Market,Professional,14116.01,1819.34,1.8,83,4.0,Completed
2025-09-10,North America,SMB,Professional,7948.52,1888.72,9.4,48,4.0,Completed
2025-09-10,Europe,Mid-Market,Professional,12489.58,1587.02,23.8,154,2.0,Completed
2025-09-10,North America,Mid-Market,Professional,17952.31,2326.47,13.1,224,5.0,Completed
2025-09-10,Latin America,Enterprise,Enterprise Plus,17204.36,1086.23,2.1,179,4.0,Completed
2025-09-11,North America,SMB,Enterprise Plus,6179.03,1421.11,19.3,64,4.0,Completed
2025-09-11,North America,SMB,Starter,2396.21,547.25,1.7,12,,Completed
2025-09-11,North America,Enterprise,Professional,16969.32,1075.1,4.1,148,4.0,Completed
2025-09-12,Latin America,SMB,Professional,9032.13,2148.43,5.2,39,4.5,Completed
2025-09-12,Europe,Mid-Market,Enterprise Plus,14562.8,1861.78,2.4,62,4.0,Completed
2025-09-12,Europe,Enterprise,Enterprise Plus,5766.09,356.85,8.1,24,2.0,Completed
2025-09-13,North America,Mid-Market,Professional,24911.81,3184.22,3.3,104,4.5,Completed
2025-09-13,Europe,Mid-Market,Starter,11687.11,1504.32,22.8,93,2.0,Completed
2025-09-13,North America,Enterprise,Enterprise Plus,23995.4,1517.32,4.5,144,4.5,Completed
2025-09-13,Asia Pacific,Startup,Starter,3434.08,1042.06,10.9,32,1.0,Completed
2025-09-14,North America,SMB,Professional,5062.49,1153.95,17.3,24,5.0,Completed
2025-09-14,North America,SMB,Starter,6445.21,1496.66,10.4,28,3.0,Completed
2025-09-14,North America,Mid-Market,Enterprise Plus,14217.76,1814.61,22.5,64,4.0,Completed
2025-09-15,Europe,Mid-Market,Professional,12602.15,1620.89,13.4,83,4.0,Completed
2025-09-15,Europe,SMB,Professional,4636.29,1082.36,7.9,23,4.0,Completed
2025-09-15,North America,Mid-Market,Enterprise Plus,6940.31,893.66,5.4,72,4.0,Failed
2025-09-16,Asia Pacific,Enterprise,Professional,13630.99,863.48,1.2,157,4.0,Pending
2025-09-16,Europe,Mid-Market,Professional,17291.75,2223.09,6.6,84,4.0,Completed
2025-09-16,Europe,SMB,Professional,9023.54,2104.19,3.0,60,4.0,Completed
2025-09-16,North America,Mid-Market,Starter,13566.95,1740.15,15.9,55,4.0,Completed
2025-09-17,North America,Enterprise,Enterprise Plus,35256.21,2215.93,2.7,366,4.0,Completed
2025-09-17,Europe,SMB,Starter,5854.22,1320.43,7.4,26,4.0,Completed
2025-09-17,North America,Enterprise,Professional,32112.2,2023.69,11.4,199,,Completed
2025-09-18,North America,Mid-Market,Professional,13798.8,1780.62,2.4,63,4.0,Pending
2025-09-18,Asia Pacific,Enterprise,Enterprise Plus,32493.17,2048.05,8.4,149,3.0,Completed
2025-09-18,Latin America,Mid-Market,Enterprise Plus,6483.33,819.98,4.4,28,4.0,Completed
2025-09-19,North America,SMB,Professional,1516.19,324.92,11.3,12,5.0,Completed
2025-09-19,North America,Mid-Market,Starter,12324.8,1576.8,1.4,52,1.0,Completed
2025-09-19,Europe,Enterprise,Enterprise Plus,18871.59,1184.71,21.6,179,4.5,Completed
2025-09-19,North America,SMB,Professional,1848.13,398.3,8.1,20,4.0,Completed
2025-09-20,North America,SMB,Enterprise Plus,10190.25,2381.37,17.4,67,3.0,Completed
2025-09-20,North America,SMB,Enterprise Plus,9102.14,2106.81,14.0,42,4.5,Completed
2025-09-20,Europe,Enterprise,Enterprise Plus,26165.52,1639.56,3.2,164,4.0,Completed
2025-09-21,Europe,Mid-Market,Professional,7251.78,921.01,11.5,33,4.0,Completed
2025-09-21,North America,Startup,Professional,1991.56,533.87,17.6,10,4.5,Completed
2025-09-21,North America,SMB,Enterprise Plus,1788.72,394.92,15.1,16,4.0,Completed
2025-09-22,North America,Enterprise,Professional,17033.22,1071.28,8.9,71,5.0,Completed
2025-09-22,Europe,Enterprise,Starter,30339.94,1901.13,3.5,336,4.0,Pending
2025-09-22,North America,Mid-Market,Enterprise Plus,9355.86,1190.66,9.2,41,4.5,Completed
2025-09-22,North America,Startup,Enterprise Plus,5770.8,1749.79,9.1,44,4.5,Completed
2025-09-23,Asia Pacific,Mid-Market,Professional,13869.25,1788.99,4.8,85,2.0,Completed
2025-09-23,North America,Mid-Market,Starter,14949.15,1888.73,2.3,99,4.5,Completed
2025-09-23,Europe,Enterprise,Professional,7905.6,482.58,7.8,73,4.0,Refunded
2025-09-24,North America,SMB,Enterprise Plus,4149.69,962.28,2.8,30,2.0,Completed
2025-09-24,North America,SMB,AI Addon,7422.18,1735.24,5.0,66,4.0,Completed
2025-09-24,North America,Mid-Market,Professional,20589.79,2611.24,10.5,180,3.0,Completed
2025-09-25,Europe,SMB,Starter,9811.84,2285.06,2.9,88,4.5,Completed
2025-09-25,Asia Pacific,Startup,Enterprise Plus,5216.67,1601.13,1.8,32,4.0,Completed
2025-09-25,Asia Pacific,Enterprise,Professional,38010.25,2392.7,1.0,177,,Completed
2025-09-25,North America,Mid-Market,Professional,12560.7,1595.58,9.0,72,3.0,Completed
2025-09-26,Europe,Mid-Market,AI Addon,4965.85,616.01,9.6,22,4.0,Pending
2025-09-26,North America,SMB,Starter,8199.17,1874.38,4.9,44,3.0,Completed
2025-09-26,North America,Mid-Market,Enterprise Plus,18115.67,2320.21,13.4,92,4.0,Completed
2025-09-27,Asia Pacific,SMB,Starter,12681.4,2973.07,6.3,66,4.5,Completed
2025-09-27,North America,SMB,Professional,4716.7,1056.74,6.2,31,4.5,Completed
2025-09-27,North America,Mid-Market,Enterprise Plus,6316.66,776.33,5.5,33,4.5,Completed
2025-09-28,North America,Startup,Professional,6521.11,2026.34,1.1,71,5.0,Completed
2025-09-28,North America,Mid-Market,AI Addon,13421.1,1688.51,3.8,60,2.0,Completed
2025-09-28,North America,Enterprise,Professional,25986.17,1620.07,0.8,123,4.0,Completed
2025-09-28,Europe,SMB,Professional,10507.93,2407.71,5.0,87,4.5,Completed
2025-09-29,North America,SMB,Professional,8782.99,2022.79,11.6,42,4.0,Completed
2025-09-29,Asia Pacific,Mid-Market,Professional,13703.73,1760.28,0.8,167,3.0,Completed
2025-09-29,Asia Pacific,SMB,Professional,4953.5,1121.89,4.1,43,4.0,Completed
2025-09-30,North America,Startup,Starter,6498.07,1949.78,4.1,72,4.0,Completed
2025-09-30,North America,Mid-Market,Professional,6048.23,759.78,11.6,29,4.0,Completed
2025-09-30,North America,Startup,Professional,5249.26,1593.51,3.5,26,4.5,Completed
2025-10-01,Europe,Enterprise,Enterprise Plus,22159.16,1378.13,14.0,102,4.0,Completed
2025-10-01,North America,Enterprise,Enterprise Plus,9535.84,599.94,3.6,119,1.0,Completed
2025-10-01,Europe,Enterprise,Enterprise Plus,27303.56,1690.73,13.4,166,2.0,Completed
2025-10-01,North America,SMB,Starter,4628.85,1057.87,13.4,24,5.0,Completed
2025-10-02,Europe,SMB,Professional,7356.96,1672.22,6.7,70,,Completed
2025-10-02,North America,Enterprise,Enterprise Plus,14026.27,866.6,6.7,74,4.5,Completed
2025-10-02,North America,Mid-Market,Professional,16160.56,2031.83,1.7,172,4.0,Completed
2025-10-03,Latin America,SMB,Starter,12125.64,2792.7,8.0,110,5.0,Completed
2025-10-03,Asia Pacific,Enterprise,Enterprise Plus,12320.06,759.93,13.3,77,4.5,Completed
2025-10-03,North America,SMB,Enterprise Plus,3818.34,866.03,1.9,20,4.5,Completed
2025-10-04,Asia Pacific,SMB,Professional,3220.01,693.68,13.4,31,4.5,Pending
2025-10-04,Europe,Mid-Market,Starter,9942.01,1265.8,15.6,90,4.0,Failed
2025-10-04,Asia Pacific,Startup,Enterprise Plus,5561.59,1660.56,3.2,49,4.0,Completed
2025-10-04,Asia Pacific,Mid-Market,Professional,14942.26,1896.85,6.7,124,3.0,Completed
2025-10-05,North America,Startup,Enterprise Plus,5352.55,1579.29,21.2,46,4.0,Completed
2025-10-05,North America,SMB,Enterprise Plus,8195.57,1871.01,4.2,56,4.5,Completed
2025-10-05,North America,SMB,Enterprise Plus,6035.76,1355.42,13.3,32,5.0,Completed
2025-10-06,Europe,Enterprise,Professional,17043.55,1051.87,3.7,111,4.5,Pending
2025-10-06,Europe,SMB,Starter,3804.07,876.99,5.7,18,4.0,Failed
2025-10-06,North America,Mid-Market,Enterprise Plus,10213.7,1287.83,3.6,51,3.0,Pending
2025-10-07,North America,Enterprise,Enterprise Plus,14474.99,887.84,4.8,143,2.0,Completed
2025-10-07,Asia Pacific,Enterprise,Enterprise Plus,26458.03,1638.1,9.4,300,4.0,Completed
2025-10-07,Latin America,Mid-Market,Starter,7306.59,895.03,7.3,32,4.0,Completed
2025-10-07,Europe,Mid-Market,Starter,8907.98,1107.12,7.7,96,4.0,Completed
2025-10-08,North America,SMB,Enterprise Plus,9605.49,2218.04,3.4,92,1.0,Completed
2025-10-08,North America,SMB,Enterprise Plus,10025.39,2312.53,17.6,120,,Completed
2025-10-08,North America,Enterprise,AI Addon,36782.67,2280.23,15.0,197,4.0,Completed
2025-10-09,Asia Pacific,SMB,Enterprise Plus,5858.38,1365.86,11.3,33,4.5,Completed
2025-10-09,North America,Enterprise,Professional,17543.16,1072.42,22.4,71,4.0,Completed
2025-10-09,Europe,SMB,Enterprise Plus,7727.05,1750.31,11.3,34,3.0,Completed
2025-10-10,North America,SMB,Enterprise Plus,4169.95,904.37,0.4,28,4.5,Completed
2025-10-10,Europe,Mid-Market,Professional,15291.28,1938.4,1.8,107,4.5,Completed
2025-10-10,Europe,SMB,Enterprise Plus,4694.56,1026.11,4.1,36,4.0,Completed
2025-10-10,Asia Pacific,Mid-Market,Starter,10297.58,1262.89,11.3,98,4.0,Completed
2025-10-11,North America,Mid-Market,Professional,15473.42,1957.61,1.5,150,3.0,Completed
2025-10-11,North America,SMB,Enterprise Plus,2492.07,520.37,6.9,25,4.5,Completed
2025-10-11,North America,Mid-Market,Professional,8431.42,1047.29,10.9,85,5.0,Completed
2025-10-12,Asia Pacific,Mid-Market,Professional,13078.41,1653.89,4.3,109,3.0,Completed
2025-10-12,Asia Pacific,Mid-Market,Professional,14502.17,1813.85,8.1,110,4.0,Completed
2025-10-12,Europe,SMB,Professional,7487.99,1683.28,9.7,31,5.0,Pending
2025-10-13,Europe,Mid-Market,Professional,10028.96,1255.53,11.1,57,4.0,Completed
2025-10-13,Europe,Enterprise,Professional,33211.58,2045.26,6.1,134,4.5,Completed
2025-10-13,North America,SMB,AI Addon,3769.64,862.57,14.0,27,4.0,Completed
2025-10-13,Asia Pacific,SMB,Professional,3705.32,844.19,4.7,24,4.0,Completed
2025-10-14,North America,Enterprise,Starter,26731.47,1646.63,7.2,198,4.0,Completed
2025-10-14,North America,Enterprise,Starter,13325.9,814.66,6.9,120,4.0,Pending
2025-10-14,Europe,Enterprise,Enterprise Plus,45835.16,2835.7,6.6,440,2.0,Completed
2025-10-15,North America,Mid-Market,Professional,8631.05,1061.79,8.4,36,4.5,Pending
2025-10-15,North America,Mid-Market,Enterprise Plus,16228.08,2028.32,15.7,66,4.5,Completed
2025-10-15,Europe,SMB,Enterprise Plus,3471.72,744.93,1.0,40,4.5,Completed
2025-10-16,North America,SMB,Enterprise Plus,11233.27,2567.69,5.8,107,4.0,Completed
2025-10-16,Europe,SMB,Professional,6310.23,1409.19,2.1,42,4.0,Completed
2025-10-16,North America,Mid-Market,Enterprise Plus,8431.07,1047.96,1.0,76,1.0,Completed
2025-10-16,North America,SMB,Professional,5593.01,1214.92,4.1,40,4.5,Completed
2025-10-17,North America,Mid-Market,AI Addon,7777.2,968.35,17.0,77,4.0,Completed
2025-10-17,North America,Startup,Enterprise Plus,4441.44,1261.28,9.3,29,4.0,Completed
2025-10-17,Europe,SMB,Professional,3507.65,767.38,5.3,28,3.0,Completed
2025-10-18,North America,Enterprise,Professional,17278.81,1064.08,3.8,124,2.0,Completed
2025-10-18,Europe,SMB,Starter,8974.42,2011.07,9.1,94,4.0,Completed
2025-10-18,Europe,Mid-Market,Enterprise Plus,12379.07,1540.19,6.3,82,4.5,Completed
2025-10-19,Europe,SMB,Professional,3949.21,853.97,6.0,16,5.0,Completed
2025-10-19,Latin America,Enterprise,Professional,21017.75,1281.5,1.6,155,5.0,Completed
2025-10-19,Europe,Enterprise,Professional,37816.01,2324.31,3.2,166,5.0,Completed
2025-10-19,North America,SMB,Enterprise Plus,4995.6,1122.74,14.7,23,5.0,Completed
2025-10-20,North America,Enterprise,Enterprise Plus,13388.43,810.31,8.2,56,4.0,Completed
2025-10-20,North America,SMB,Enterprise Plus,7900.34,1784.33,2.5,37,3.0,Pending
2025-10-20,Europe,Mid-Market,Enterprise Plus,3511.77,411.56,8.9,19,4.5,Completed
2025-10-21,North America,SMB,Starter,5328.33,1227.72,13.4,24,3.0,Completed
2025-10-21,Europe,SMB,Starter,10663.28,2414.65,3.9,115,4.0,Completed
2025-10-21,Europe,Mid-Market,Enterprise Plus,10163.6,1264.65,6.4,65,4.0,Completed
2025-10-22,North America,Mid-Market,Professional,16963.27,2099.68,28.2,69,4.0,Completed
2025-10-22,Asia Pacific,Enterprise,Professional,13291.61,804.79,9.3,64,4.0,Completed
2025-10-22,North America,Enterprise,Starter,20349.77,1241.95,14.7,84,3.0,Completed
2025-10-22,North America,Mid-Market,Professional,9655.22,1188.01,9.0,46,4.0,Completed
2025-10-23,Europe,SMB,Starter,7651.4,1741.61,20.1,34,5.0,Completed
2025-10-23,Europe,Startup,Enterprise Plus,5015.56,1444.43,9.7,26,4.0,Completed
2025-10-23,Europe,SMB,Professional,11425.2,2557.83,10.5,55,5.0,Completed
2025-10-24,North America,SMB,Professional,4963.29,1093.5,10.9,30,3.0,Completed
2025-10-24,North America,SMB,Starter,6544.84,1436.52,5.8,28,3.0,Completed
2025-10-24,Asia Pacific,SMB,Enterprise Plus,5387.46,1208.76,10.6,25,4.0,Completed
2025-10-25,Asia Pacific,Mid-Market,Professional,11165.15,1389.26,17.1,50,4.0,Completed
2025-10-25,Europe,Startup,Enterprise Plus,4531.88,1332.54,5.6,24,4.5,Pending
2025-10-25,North America,SMB,Enterprise Plus,4134.13,900.09,0.4,32,4.5,Completed
2025-10-25,Europe,Mid-Market,Professional,15755.66,1962.11,6.3,184,4.5,Completed
2025-10-26,North America,Enterprise,AI Addon,16668.25,1010.6,7.4,70,5.0,Completed
2025-10-26,North America,Mid-Market,AI Addon,7986.85,976.68,7.4,45,4.0,Completed
2025-10-26,Asia Pacific,Mid-Market,Enterprise Plus,5036.73,618.48,3.8,39,3.0,Completed
2025-10-27,North America,SMB,Enterprise Plus,4920.19,1078.77,1.1,47,4.0,Completed
2025-10-27,Latin America,Mid-Market,Professional,8256.59,1004.33,3.5,38,3.0,Completed
2025-10-27,North America,Mid-Market,Professional,2069.83,233.33,15.5,10,4.0,Completed
2025-10-28,North America,Startup,Starter,1780.89,457.35,4.3,9,3.0,Completed
2025-10-28,Europe,Enterprise,Starter,20594.04,1258.79,7.0,109,4.0,Completed
2025-10-28,Asia Pacific,Mid-Market,AI Addon,20193.09,2506.91,7.6,142,3.0,Completed
2025-10-28,Europe,Enterprise,Professional,11139.83,677.48,2.4,85,2.0,Failed
2025-10-29,Asia Pacific,SMB,Enterprise Plus,6095.62,1377.73,13.1,75,4.5,Completed
2025-10-29,Europe,Startup,Enterprise Plus,4206.51,1244.98,3.5,19,4.0,Completed
2025-10-29,Europe,Mid-Market,Enterprise Plus,14837.48,1846.62,5.4,157,4.5,Failed
2025-10-30,Asia Pacific,SMB,AI Addon,8446.27,1907.15,13.8,46,4.5,Completed
2025-10-30,North America,Mid-Market,Professional,26586.06,3312.39,8.3,161,3.0,Completed
2025-10-30,Europe,Startup,Starter,5373.39,1565.61,11.1,32,4.0,Completed
2025-10-31,North America,SMB,Professional,4270.82,941.77,8.6,18,3.0,Completed
2025-10-31,Latin America,SMB,Starter,4704.64,1064.52,1.2,56,4.5,Completed
2025-10-31,Latin America,Enterprise,Starter,18507.07,1116.23,1.6,88,4.5,Completed
2025-10-31,North America,Startup,Professional,3475.84,1023.97,6.9,40,3.0,Pending
2025-11-01,Europe,SMB,Enterprise Plus,12300.25,2780.37,11.1,143,4.0,Completed
2025-11-01,Asia Pacific,Mid-Market,Professional,15138.9,1866.72,8.1,99,,Completed
2025-11-01,North America,SMB,Professional,2770.88,586.57,5.2,31,4.0,Completed
2025-11-02,Europe,Mid-Market,Enterprise Plus,14144.39,1734.88,11.0,67,4.5,Completed
2025-11-02,Asia Pacific,SMB,Professional,3818.12,821.5,17.9,23,4.0,Completed
2025-11-02,North America,Enterprise,Starter,31164.52,1898.67,8.8,367,3.0,Failed
2025-11-03,Europe,SMB,Enterprise Plus,10165.51,2245.9,2.6,117,4.5,Completed
2025-11-03,North America,Mid-Market,Enterprise Plus,10251.63,1255.39,16.8,56,4.5,Failed
2025-11-03,Asia Pacific,Enterprise,Enterprise Plus,17503.82,1058.68,2.2,81,4.5,Completed
2025-11-03,Latin America,Enterprise,Starter,42584.65,2586.11,0.6,276,4.0,Completed
2025-11-04,Latin America,Enterprise,Enterprise Plus,16482.36,993.84,3.4,95,4.0,Completed
2025-11-04,Europe,Mid-Market,Enterprise Plus,7792.07,944.83,9.1,37,4.5,Completed
2025-11-04,Asia Pacific,Mid-Market,Professional,7363.44,870.14,13.2,41,4.0,Pending
2025-11-05,Asia Pacific,Mid-Market,Enterprise Plus,10961.6,1347.08,6.5,93,4.0,Completed
2025-11-05,North America,Mid-Market,Enterprise Plus,12693.64,1563.52,2.2,69,5.0,Completed
2025-11-05,Asia Pacific,Mid-Market,Professional,17119.36,2111.44,11.5,92,4.0,Completed
2025-11-06,North America,SMB,Professional,8019.47,1769.98,3.7,40,4.0,Completed
2025-11-06,Europe,Enterprise,AI Addon,28880.23,1757.33,4.3,156,4.5,Completed
2025-11-06,North America,Startup,Enterprise Plus,7902.22,2397.26,12.7,33,,Completed
2025-11-06,North America,SMB,Professional,3869.91,850.09,3.2,35,4.0,Completed
2025-11-07,North America,SMB,Enterprise Plus,2941.42,656.74,14.3,13,4.0,Completed
2025-11-07,Europe,Mid-Market,Professional,14669.37,1808.5,9.3,86,4.5,Completed
2025-11-07,North America,SMB,Professional,6007.96,1318.26,9.8,31,4.5,Completed
2025-11-08,Europe,Enterprise,Professional,34835.0,2114.82,20.7,360,4.5,Completed
2025-11-08,North America,Enterprise,AI Addon,22656.65,1375.04,5.4,157,4.0,Completed
2025-11-08,North America,Enterprise,AI Addon,17306.71,1041.59,9.0,83,4.0,Completed
2025-11-09,Europe,SMB,Professional,8239.94,1820.18,10.1,42,4.0,Completed
2025-11-09,Asia Pacific,Enterprise,Professional,23936.49,1453.34,14.5,276,5.0,Completed
2025-11-09,North America,Mid-Market,Professional,11314.53,1375.59,9.7,66,5.0,Completed
2025-11-09,Europe,Startup,AI Addon,12058.87,3588.35,7.8,127,3.0,Completed
2025-11-10,Asia Pacific,SMB,AI Addon,10428.86,2316.28,3.9,42,4.0,Completed
2025-11-10,Europe,Mid-Market,Enterprise Plus,15750.73,1922.64,15.8,68,4.0,Completed
2025-11-10,North America,Enterprise,Enterprise Plus,24609.92,1473.71,9.5,295,,Completed
2025-11-11,North America,SMB,Enterprise Plus,6386.78,1417.05,11.4,29,4.5,Completed
2025-11-11,Asia Pacific,Mid-Market,Professional,9959.5,1212.34,1.9,43,4.0,Completed
2025-11-11,North America,Enterprise,Starter,25523.46,1540.97,14.6,183,1.0,Completed
2025-11-12,Asia Pacific,Enterprise,Professional,82867.005,1106.69,8.9,410,4.0,Completed
2025-11-12,Europe,Startup,Enterprise Plus,2832.1,762.18,0.9,19,3.0,Completed
2025-11-12,Latin America,SMB,Enterprise Plus,6098.88,1367.92,11.5,32,4.5,Completed
2025-11-12,Asia Pacific,SMB,Professional,7145.7,1597.15,6.0,52,4.5,Completed
2025-11-13,Latin America,SMB,AI Addon,9610.07,2117.02,8.1,72,4.0,Pending
2025-11-13,North America,Mid-Market,Starter,7913.77,947.45,3.0,53,4.0,Completed
2025-11-13,Asia Pacific,Mid-Market,Professional,11629.69,1422.16,8.7,112,5.0,Completed
2025-11-14,North America,Mid-Market,Enterprise Plus,14483.84,1763.91,0.6,66,4.0,Completed
2025-11-14,Europe,Mid-Market,Enterprise Plus,14305.85,1746.53,1.9,103,4.0,Completed
2025-11-14,Europe,Mid-Market,Enterprise Plus,22237.26,2718.36,15.2,151,5.0,Completed
2025-11-15,Asia Pacific,SMB,Professional,5586.79,1223.25,7.2,25,4.5,Completed
2025-11-15,Latin America,SMB,Starter,4282.86,909.32,4.7,27,4.5,Completed
2025-11-15,Asia Pacific,SMB,Enterprise Plus,6855.61,1464.35,7.2,40,3.0,Completed
2025-11-15,North America,Mid-Market,Professional,10356.23,1252.61,11.0,43,3.0,Completed
2025-11-16,North America,SMB,Starter,5278.17,1152.52,5.8,23,1.0,Completed
2025-11-16,Europe,SMB,Enterprise Plus,5019.3,1081.25,23.8,47,4.0,Completed
2025-11-16,North America,Mid-Market,Professional,13091.17,1600.0,9.7,82,4.5,Completed
2025-11-17,North America,SMB,Enterprise Plus,4847.45,1011.52,7.2,20,4.0,Failed
2025-11-17,North America,Enterprise,Enterprise Plus,31973.61,1921.9,0.2,224,4.5,Completed
2025-11-17,North America,Mid-Market,Starter,15387.38,1882.18,3.7,108,4.0,Refunded
2025-11-18,North America,Enterprise,Starter,27643.47,1664.04,6.1,245,4.0,Completed
2025-11-18,North America,Mid-Market,Enterprise Plus,7154.28,849.37,0.5,72,,Completed
2025-11-18,North America,Mid-Market,Enterprise Plus,12948.51,1568.03,10.3,63,4.0,Completed
2025-11-18,North America,SMB,Enterprise Plus,9771.72,2178.72,1.9,47,4.0,Completed
2025-11-19,Latin America,Startup,Enterprise Plus,6806.65,1982.4,5.2,28,4.0,Completed
2025-11-19,North America,SMB,Enterprise Plus,8294.83,1861.45,5.4,40,3.0,Completed
2025-11-19,North America,SMB,AI Addon,6450.69,1412.6,17.7,54,4.0,Completed
2025-11-20,Europe,Mid-Market,Professional,11442.55,1384.35,22.7,132,4.0,Completed
2025-11-20,North America,SMB,Professional,10639.3,2332.81,12.2,43,4.5,Completed
2025-11-20,Latin America,Enterprise,Professional,26456.83,1588.77,3.4,192,4.5,Completed
2025-11-21,Asia Pacific,Mid-Market,Starter,13038.77,1597.58,4.5,99,4.0,Completed
2025-11-21,North America,Mid-Market,Professional,32960.82,4052.29,4.6,141,2.0,Completed
2025-11-21,North America,Mid-Market,Professional,9908.06,1211.13,5.6,56,4.0,Completed
2025-11-21,Asia Pacific,Enterprise,AI Addon,7524.05,435.29,4.8,65,2.0,Completed
2025-11-22,Latin America,Enterprise,Professional,21758.82,1292.53,2.9,95,4.0,Completed
2025-11-22,Europe,Mid-Market,Professional,10986.85,1327.01,11.2,45,4.5,Pending
2025-11-22,Europe,Startup,Professional,5534.97,1578.34,12.9,59,3.0,Completed
2025-11-23,North America,Mid-Market,Starter,14321.7,1739.31,3.8,64,4.5,Completed
2025-11-23,Latin America,Mid-Market,Starter,4075.88,478.57,4.2,28,5.0,Completed
2025-11-23,North America,Enterprise,Professional,29309.33,1754.96,14.7,174,4.5,Completed
2025-11-24,Latin America,SMB,Starter,6211.38,1363.13,3.5,27,4.0,Completed
2025-11-24,Europe,Mid-Market,Enterprise Plus,10117.0,1236.53,10.9,42,4.0,Completed
2025-11-24,Europe,Enterprise,Enterprise Plus,10181.03,599.52,15.4,82,5.0,Completed
2025-11-24,Europe,Mid-Market,Enterprise Plus,20861.01,2543.68,2.1,180,4.0,Completed
2025-11-25,North America,Enterprise,Enterprise Plus,19296.53,1145.39,3.4,206,4.5,Completed
2025-11-25,North America,Enterprise,Professional,31333.5,1872.34,4.2,179,1.0,Completed
2025-11-25,North America,Enterprise,Enterprise Plus,15832.75,940.94,6.0,193,1.0,Completed
2025-11-26,North America,Enterprise,Enterprise Plus,26886.69,1608.78,7.8,180,4.5,Completed
2025-11-26,Asia Pacific,Enterprise,Starter,20924.85,1245.5,4.6,227,4.5,Completed
2025-11-26,North America,Mid-Market,Enterprise Plus,15286.8,1847.4,8.8,103,4.5,Completed
2025-11-27,North America,SMB,Professional,5552.01,1226.56,11.0,64,5.0,Failed
2025-11-27,Latin America,Mid-Market,Enterprise Plus,7696.93,920.35,25.9,35,3.0,Completed
2025-11-27,Asia Pacific,Mid-Market,AI Addon,11540.3,1390.88,15.4,100,4.0,Completed
2025-11-27,Asia Pacific,Mid-Market,Starter,11213.59,1359.79,11.2,83,5.0,Completed
2025-11-28,Latin America,Startup,Enterprise Plus,5357.45,1562.23,5.9,24,3.0,Completed
2025-11-28,North America,Mid-Market,Enterprise Plus,17224.57,2087.84,4.6,84,4.5,Completed
2025-11-28,North America,Enterprise,AI Addon,13833.08,823.53,14.3,118,4.0,Completed
2025-11-29,Asia Pacific,SMB,Professional,9303.86,2041.88,4.6,101,3.0,Completed
2025-11-29,Europe,Enterprise,Enterprise Plus,12854.37,763.32,5.9,64,4.0,Completed
2025-11-29,North America,Mid-Market,Starter,15094.7,1816.58,3.3,104,4.0,Completed
2025-11-30,Asia Pacific,Mid-Market,Professional,15401.29,1841.27,5.7,74,5.0,Completed
2025-11-30,North America,SMB,Starter,5103.99,1117.8,2.6,33,4.5,Completed
2025-11-30,North America,Mid-Market,AI Addon,8103.6,963.59,6.5,59,4.0,Pending
2025-11-30,Europe,SMB,Enterprise Plus,4324.4,939.74,5.4,28,4.0,Completed
2025-12-01,Europe,Startup,Enterprise Plus,5123.29,1449.63,7.0,25,4.0,Completed
2025-12-01,Europe,Enterprise,AI Addon,31706.88,1892.97,6.5,136,3.0,Completed
2025-12-01,North America,Mid-Market,Starter,10936.25,1310.19,10.9,124,4.0,Completed
2025-12-02,Asia Pacific,Mid-Market,Professional,3475.8,409.66,6.6,21,1.0,Completed
2025-12-02,North America,Mid-Market,Starter,9039.43,1084.14,9.6,106,3.0,Completed
2025-12-02,North America,Mid-Market,Professional,8831.65,1066.54,10.4,56,4.0,Failed
2025-12-03,Asia Pacific,Startup,Professional,6063.6,1734.21,8.4,27,4.0,Completed
2025-12-03,Latin America,SMB,Professional,8038.59,1773.11,8.5,57,2.0,Completed
2025-12-03,Asia Pacific,SMB,Professional,6927.79,1498.72,4.9,30,4.0,Completed
2025-12-03,Asia Pacific,Mid-Market,Starter,16883.68,2043.52,14.7,91,4.0,Completed
2025-12-04,Europe,SMB,Starter,9601.62,2109.32,10.0,41,2.0,Failed
2025-12-04,Europe,Startup,Starter,3939.34,1113.73,1.3,19,5.0,Completed
2025-12-04,North America,SMB,AI Addon,4289.91,929.96,2.6,44,3.0,Pending
2025-12-05,North America,Enterprise,Enterprise Plus,22841.6,1351.4,8.7,192,5.0,Completed
2025-12-05,North America,SMB,AI Addon,7008.98,1497.4,5.4,48,1.0,Completed
2025-12-05,North America,Enterprise,Professional,18363.26,1088.15,8.0,169,5.0,Completed
2025-12-06,Europe,Mid-Market,Professional,37072.48,4490.56,0.8,226,1.0,Completed
2025-12-06,Europe,Enterprise,Enterprise Plus,41865.56,2479.39,9.6,262,4.5,Completed
2025-12-06,North America,SMB,Professional,4790.8,1041.78,1.4,20,4.0,Failed
2025-12-06,North America,SMB,Professional,3839.08,840.09,16.2,25,4.5,Completed
2025-12-07,Europe,Enterprise,Professional,17045.6,1003.22,4.0,80,4.0,Completed
2025-12-07,North America,Mid-Market,Starter,17584.05,2125.55,7.8,74,2.0,Completed
2025-12-07,Asia Pacific,Mid-Market,Professional,17964.03,2147.85,2.6,79,4.5,Completed
2025-12-08,Europe,Mid-Market,Professional,20648.29,2492.5,0.4,179,2.0,Completed
2025-12-08,Europe,Enterprise,Enterprise Plus,15526.06,917.06,2.8,95,5.0,Completed
2025-12-08,Europe,Mid-Market,Starter,14315.32,1731.22,5.5,103,2.0,Pending
2025-12-09,Asia Pacific,SMB,Professional,4572.01,957.03,0.9,31,4.0,Completed
2025-12-09,North America,Enterprise,Enterprise Plus,45892.03,2723.59,23.3,325,4.5,Completed
2025-12-09,Europe,Enterprise,Starter,15857.5,931.96,6.9,72,4.0,Completed
2025-12-09,Europe,Mid-Market,Professional,6429.76,749.16,2.8,41,3.0,Completed
2025-12-10,North America,Startup,Enterprise Plus,2908.28,817.36,12.6,18,4.5,Completed
2025-12-10,Asia Pacific,SMB,Starter,6442.71,1393.63,5.4,27,4.5,Completed
2025-12-10,Asia Pacific,SMB,Starter,8633.01,1881.37,10.6,96,5.0,Completed
2025-12-11,Europe,Mid-Market,Professional,15289.56,1828.89,2.8,94,4.0,Completed
2025-12-11,Asia Pacific,Mid-Market,Professional,7106.04,834.14,13.6,34,4.0,Completed
2025-12-11,Asia Pacific,Enterprise,Professional,19894.41,1171.76,3.4,189,4.0,Completed
2025-12-12,Europe,SMB,Enterprise Plus,5150.84,1102.24,7.2,28,4.0,Completed
2025-12-12,Asia Pacific,Startup,Starter,2787.68,777.61,6.0,24,4.5,Completed
2025-12-12,Europe,SMB,Professional,4976.01,1090.28,15.9,22,4.0,Completed
2025-12-12,Europe,SMB,Professional,11205.16,2446.48,7.5,83,4.0,Completed
2025-12-13,Europe,SMB,Starter,3615.83,726.9,9.3,27,4.0,Completed
2025-12-13,Asia Pacific,Enterprise,Enterprise Plus,26095.63,1541.52,11.4,144,4.5,Completed
2025-12-13,North America,Startup,Professional,8464.12,2470.86,2.8,77,5.0,Completed
2025-12-14,Asia Pacific,Enterprise,Professional,40845.22,2416.03,5.7,319,4.5,Completed
2025-12-14,Asia Pacific,Mid-Market,Starter,23156.04,2778.71,12.4,154,4.0,Completed
2025-12-14,North America,Enterprise,Professional,27333.53,1607.28,9.8,196,4.5,Completed
2025-12-15,Asia Pacific,Enterprise,Professional,29030.13,1710.42,5.2,172,4.0,Completed
2025-12-15,North America,Mid-Market,Enterprise Plus,9194.11,1099.64,11.9,51,2.0,Pending
2025-12-15,North America,Mid-Market,Starter,6138.5,719.12,4.6,35,3.0,Completed
2025-12-15,Europe,Mid-Market,Professional,10875.02,1309.19,3.9,57,2.0,Completed
2025-12-16,North America,Mid-Market,Professional,18675.21,2237.67,3.4,142,4.0,Failed
2025-12-16,Asia Pacific,Enterprise,Enterprise Plus,7122.72,405.95,8.9,71,4.5,Completed
2025-12-16,Asia Pacific,Enterprise,Professional,19056.41,1122.68,4.1,92,4.0,Completed
2025-12-17,Europe,Mid-Market,Enterprise Plus,14795.07,1782.51,15.9,66,4.0,Failed
2025-12-17,North America,Mid-Market,Enterprise Plus,11905.11,1402.04,27.5,97,5.0,Failed
2025-12-17,North America,SMB,Enterprise Plus,10775.22,2357.98,2.9,73,4.5,Completed
2025-12-18,Europe,SMB,Professional,9927.34,2138.3,5.0,61,4.5,Completed
2025-12-18,Latin America,SMB,Professional,3228.27,674.55,11.8,19,4.0,Completed
2025-12-18,Europe,SMB,Enterprise Plus,6744.16,1454.37,8.7,36,3.0,Completed
2025-12-18,North America,Mid-Market,AI Addon,8330.02,979.13,4.1,96,1.0,Pending
2025-12-19,Europe,SMB,Enterprise Plus,4519.01,973.22,10.0,23,3.0,Completed
2025-12-19,Europe,Mid-Market,Professional,6008.38,700.97,9.3,67,4.0,Completed
2025-12-19,Asia Pacific,Mid-Market,Starter,13087.67,1561.51,11.1,82,4.0,Completed
2025-12-20,North America,SMB,Professional,10833.15,2379.28,16.6,50,2.0,Completed
2025-12-20,Asia Pacific,Mid-Market,Enterprise Plus,13657.15,1622.69,10.7,88,3.0,Completed
2025-12-20,Europe,SMB,Professional,3244.23,678.85,4.9,31,3.0,Completed
2025-12-21,Latin America,SMB,Professional,6360.77,1366.87,3.6,26,4.0,Completed
2025-12-21,North America,SMB,Enterprise Plus,8017.64,1752.0,5.8,35,4.0,Completed
2025-12-21,Europe,Startup,Professional,4805.84,1321.58,8.3,23,4.0,Completed
2025-12-21,Latin America,Mid-Market,Enterprise Plus,13609.64,1609.99,0.9,91,4.0,Completed
2025-12-22,North America,Mid-Market,Professional,8702.04,1016.61,6.4,79,4.0,Completed
2025-12-22,Latin America,Mid-Market,Professional,10559.51,1252.73,19.4,44,3.0,Completed
2025-12-22,Europe,Mid-Market,Professional,10157.51,1217.71,28.0,60,3.0,Completed
2025-12-23,North America,SMB,Enterprise Plus,11973.37,2568.31,8.0,54,5.0,Pending
2025-12-23,North America,SMB,Starter,4008.46,842.87,1.6,30,,Completed
2025-12-23,Europe,SMB,Starter,2115.81,436.6,8.3,16,4.0,Completed
2025-12-24,North America,Mid-Market,AI Addon,20952.21,2496.84,1.3,85,5.0,Completed
2025-12-24,Europe,Enterprise,Starter,25358.27,1476.41,3.7,151,4.0,Pending
2025-12-24,North America,Mid-Market,Professional,6493.28,758.3,8.6,63,2.0,Completed
2025-12-24,Europe,Enterprise,Professional,35241.83,2057.17,10.6,301,,Completed
2025-12-25,North America,SMB,Professional,8435.83,1798.89,16.2,53,3.0,Completed
2025-12-25,Asia Pacific,Mid-Market,Enterprise Plus,22960.01,2750.22,1.2,264,4.5,Completed
2025-12-25,Latin America,Enterprise,Professional,26124.43,1528.56,6.5,165,4.0,Failed
2025-12-26,Latin America,Enterprise,Professional,61352.05,3592.89,5.2,406,4.0,Completed
2025-12-26,Europe,SMB,Professional,5999.25,1326.91,12.1,29,4.0,Completed
2025-12-26,North America,SMB,Enterprise Plus,8352.76,1800.37,2.6,60,4.0,Completed
2025-01-04,North America,Mid-Market,Enterprise Plus,10674.29,1681.85,9.5,62,5.0,Completed
2025-01-04,Latin America,Mid-Market,Starter,7715.55,1209.84,4.1,48,,Completed
2025-01-04,Asia Pacific,Enterprise,Professional,22597.06,1775.99,3.0,258,4.0,Completed
2025-01-04,North America,SMB,Starter,8138.43,2357.06,11.4,101,,Completed
2025-01-05,North America,SMB,Professional,1799.68,436.26,3.3,8,3.0,Completed
2025-01-05,North America,Enterprise,AI Addon,13600.6,1054.27,0.6,71,4.0,Completed
2025-01-05,North America,Enterprise,Professional,11296.77,876.55,20.8,80,3.0,Completed
2025-01-06,Europe,SMB,Starter,3592.39,1010.29,21.2,23,4.0,Completed
